,ap_tn,pv_tn
0,พระนคร,กรุงเทพมหานคร
1,ดุสิต,กรุงเทพมหานคร
2,บางรัก,กรุงเทพมหานคร
3,พญาไท,กรุงเทพมหานคร
4,บ้านนา,นครนายก
5,องครักษ์,นครนายก
6,หนองจอก,กรุงเทพมหานคร
7,คลองเตย,กรุงเทพมหานคร
8,บางเขน,กรุงเทพมหานคร
9,พระโขนง,กรุงเทพมหานคร
10,บางกะปิ,กรุงเทพมหานคร
11,ปทุมวัน,กรุงเทพมหานคร
12,ป้อมปราบศัตรูพ่าย,กรุงเทพมหานคร
13,มีนบุรี,กรุงเทพมหานคร
14,สัมพันธวงศ์,กรุงเทพมหานคร
15,ลาดกระบัง,กรุงเทพมหานคร
16,ยานนาวา,กรุงเทพมหานคร
17,ธนบุรี,กรุงเทพมหานคร
18,บางกอกใหญ่,กรุงเทพมหานคร
19,ห้วยขวาง,กรุงเทพมหานคร
20,คลองสาน,กรุงเทพมหานคร
21,ตลิ่งชัน,กรุงเทพมหานคร
22,บางกอกน้อย,กรุงเทพมหานคร
23,บางขุนเทียน,กรุงเทพมหานคร
24,ภาษีเจริญ,กรุงเทพมหานคร
25,หนองแขม,กรุงเทพมหานคร
26,ดอนเมือง,กรุงเทพมหานคร
27,ราษฎร์บูรณะ,กรุงเทพมหานคร
28,บางพลัด,กรุงเทพมหานคร
29,ดินแดง,กรุงเทพมหานคร
30,บึงกุ่ม,กรุงเทพมหานคร
31,สาทร,กรุงเทพมหานคร
32,บางซื่อ,กรุงเทพมหานคร
33,จตุจักร,กรุงเทพมหานคร
34,บางคอแหลม,กรุงเทพมหานคร
35,ประเวศ,กรุงเทพมหานคร
36,สวนหลวง,กรุงเทพมหานคร
37,จอมทอง,กรุงเทพมหานคร
38,ราชเทวี,กรุงเทพมหานคร
39,ลาดพร้าว,กรุงเทพมหานคร
40,วัฒนา,กรุงเทพมหานคร
41,บางแค,กรุงเทพมหานคร
42,หลักสี่,กรุงเทพมหานคร
43,สายไหม,กรุงเทพมหานคร
44,คันนายาว,กรุงเทพมหานคร
45,สะพานสูง,กรุงเทพมหานคร
46,วังทองหลาง,กรุงเทพมหานคร
47,คลองสามวา,กรุงเทพมหานคร
48,บางนา,กรุงเทพมหานคร
49,ทวีวัฒนา,กรุงเทพมหานคร
50,ทุ่งครุ,กรุงเทพมหานคร
51,หนองเสือ,ปทุมธานี
52,บางบอน,กรุงเทพมหานคร
53,เมืองสมุทรปราการ,สมุทรปราการ
54,บางบ่อ,สมุทรปราการ
55,บางพลี,สมุทรปราการ
56,พระประแดง,สมุทรปราการ
57,พระสมุทรเจดีย์,สมุทรปราการ
58,บางเสาธง,สมุทรปราการ
59,บางปะหัน,พระนครศรีอยุธยา
60,ผักไห่,พระนครศรีอยุธยา
61,ภาชี,พระนครศรีอยุธยา
62,ลาดบัวหลวง,พระนครศรีอยุธยา
63,วังน้อย,พระนครศรีอยุธยา
64,เสนา,พระนครศรีอยุธยา
65,บางซ้าย,พระนครศรีอยุธยา
66,เมืองนนทบุรี,นนทบุรี
67,ป่าโมก,อ่างทอง
68,โพธิ์ทอง,อ่างทอง
69,แสวงหา,อ่างทอง
70,วิเศษชัยชาญ,อ่างทอง
71,สามโก้,อ่างทอง
72,เมืองลพบุรี,ลพบุรี
73,พัฒนานิคม,ลพบุรี
74,โคกสำโรง,ลพบุรี
75,บางกรวย,นนทบุรี
76,ชัยบาดาล,ลพบุรี
77,ท่าวุ้ง,ลพบุรี
78,บางใหญ่,นนทบุรี
79,หนองม่วง,ลพบุรี
80,บางบัวทอง,นนทบุรี
81,ค่ายบางระจัน,สิงห์บุรี
82,พรหมบุรี,สิงห์บุรี
83,ไทรน้อย,นนทบุรี
84,สรรคบุรี,ชัยนาท
85,หันคา,ชัยนาท
86,หนองมะโมง,ชัยนาท
87,เนินขาม,ชัยนาท
88,ปากเกร็ด,นนทบุรี
89,เมืองสระบุรี,สระบุรี
90,แก่งคอย,สระบุรี
91,หนองแค,สระบุรี
92,เมืองปทุมธานี,ปทุมธานี
93,คลองหลวง,ปทุมธานี
94,ธัญบุรี,ปทุมธานี
95,เฉลิมพระเกียรติ,สระบุรี
96,ลาดหลุมแก้ว,ปทุมธานี
97,ลำลูกกา,ปทุมธานี
98,สามโคก,ปทุมธานี
99,พระนครศรีอยุธยา,พระนครศรีอยุธยา
100,ท่าเรือ,พระนครศรีอยุธยา
101,นครหลวง,พระนครศรีอยุธยา
102,บางไทร,พระนครศรีอยุธยา
103,บางบาล,พระนครศรีอยุธยา
104,บางปะอิน,พระนครศรีอยุธยา
105,อุทัย,พระนครศรีอยุธยา
106,มหาราช,พระนครศรีอยุธยา
107,บ้านแพรก,พระนครศรีอยุธยา
108,เมืองอ่างทอง,อ่างทอง
109,ไชโย,อ่างทอง
110,บ้านหมี่,ลพบุรี
111,ท่าหลวง,ลพบุรี
112,สระโบสถ์,ลพบุรี
113,โคกเจริญ,ลพบุรี
114,ลำสนธิ,ลพบุรี
115,เมืองสิงห์บุรี,สิงห์บุรี
116,บางระจัน,สิงห์บุรี
117,ท่าช้าง,สิงห์บุรี
118,อินทร์บุรี,สิงห์บุรี
119,เมืองชัยนาท,ชัยนาท
120,มโนรมย์,ชัยนาท
121,วัดสิงห์,ชัยนาท
122,สรรพยา,ชัยนาท
123,วิหารแดง,สระบุรี
124,หนองแซง,สระบุรี
125,บ้านหมอ,สระบุรี
126,ดอนพุด,สระบุรี
127,หนองโดน,สระบุรี
128,พระพุทธบาท,สระบุรี
129,เสาไห้,สระบุรี
130,มวกเหล็ก,สระบุรี
131,วังม่วง,สระบุรี
132,เมืองนครนายก,นครนายก
133,ปากพลี,นครนายก
134,เมืองนครสวรรค์,นครสวรรค์
135,โกรกพระ,นครสวรรค์
136,ชุมแสง,นครสวรรค์
137,หนองบัว,นครสวรรค์
138,บรรพตพิสัย,นครสวรรค์
139,เก้าเลี้ยว,นครสวรรค์
140,ตาคลี,นครสวรรค์
141,ท่าตะโก,นครสวรรค์
142,ไพศาลี,นครสวรรค์
143,พยุหะคีรี,นครสวรรค์
144,ลาดยาว,นครสวรรค์
145,ตากฟ้า,นครสวรรค์
146,แม่วงก์,นครสวรรค์
147,แม่เปิน,นครสวรรค์
148,ชุมตาบง,นครสวรรค์
149,เมืองอุทัยธานี,อุทัยธานี
150,ทัพทัน,อุทัยธานี
151,สว่างอารมณ์,อุทัยธานี
152,หนองฉาง,อุทัยธานี
153,หนองขาหย่าง,อุทัยธานี
154,บ้านไร่,อุทัยธานี
155,ลานสัก,อุทัยธานี
156,ห้วยคต,อุทัยธานี
157,เมืองกำแพงเพชร,กำแพงเพชร
158,ไทรงาม,กำแพงเพชร
159,คลองลาน,กำแพงเพชร
160,ขาณุวรลักษบุรี,กำแพงเพชร
161,คลองขลุง,กำแพงเพชร
162,พรานกระต่าย,กำแพงเพชร
163,ลานกระบือ,กำแพงเพชร
164,ศรีนคร,สุโขทัย
165,ทรายทองวัฒนา,กำแพงเพชร
166,ปางศิลาทอง,กำแพงเพชร
167,ทุ่งเสลี่ยม,สุโขทัย
168,เมืองพิษณุโลก,พิษณุโลก
169,นครไทย,พิษณุโลก
170,ชาติตระการ,พิษณุโลก
171,บางระกำ,พิษณุโลก
172,บางกระทุ่ม,พิษณุโลก
173,พรหมพิราม,พิษณุโลก
174,วัดโบสถ์,พิษณุโลก
175,วังทอง,พิษณุโลก
176,เนินมะปราง,พิษณุโลก
177,เมืองพิจิตร,พิจิตร
178,วังทรายพูน,พิจิตร
179,โพธิ์ประทับช้าง,พิจิตร
180,ตะพานหิน,พิจิตร
181,บางมูลนาก,พิจิตร
182,โพทะเล,พิจิตร
183,บึงสามัคคี,กำแพงเพชร
184,โกสัมพีนคร,กำแพงเพชร
185,สามง่าม,พิจิตร
186,ทับคล้อ,พิจิตร
187,สากเหล็ก,พิจิตร
188,บึงนาราง,พิจิตร
189,ดงเจริญ,พิจิตร
190,วชิรบารมี,พิจิตร
191,เมืองเพชรบูรณ์,เพชรบูรณ์
192,เมืองสุโขทัย,สุโขทัย
193,บ้านด่านลานหอย,สุโขทัย
194,คีรีมาศ,สุโขทัย
195,กงไกรลาศ,สุโขทัย
196,ศรีสัชนาลัย,สุโขทัย
197,ศรีสำโรง,สุโขทัย
198,สวรรคโลก,สุโขทัย
199,ชนแดน,เพชรบูรณ์
200,หล่มสัก,เพชรบูรณ์
201,หล่มเก่า,เพชรบูรณ์
202,วิเชียรบุรี,เพชรบูรณ์
203,ศรีเทพ,เพชรบูรณ์
204,หนองไผ่,เพชรบูรณ์
205,บึงสามพัน,เพชรบูรณ์
206,น้ำหนาว,เพชรบูรณ์
207,วังโป่ง,เพชรบูรณ์
208,เขาค้อ,เพชรบูรณ์
209,เมืองสุพรรณบุรี,สุพรรณบุรี
210,เดิมบางนางบวช,สุพรรณบุรี
211,ด่านช้าง,สุพรรณบุรี
212,บางปลาม้า,สุพรรณบุรี
213,ศรีประจันต์,สุพรรณบุรี
214,ดอนเจดีย์,สุพรรณบุรี
215,สองพี่น้อง,สุพรรณบุรี
216,สามชุก,สุพรรณบุรี
217,อู่ทอง,สุพรรณบุรี
218,หนองหญ้าไซ,สุพรรณบุรี
219,เมืองนครปฐม,นครปฐม
220,กำแพงแสน,นครปฐม
221,นครชัยศรี,นครปฐม
222,กระทุ่มแบน,สมุทรสาคร
223,บ้านแพ้ว,สมุทรสาคร
224,เมืองสมุทรสงคราม,สมุทรสงคราม
225,บางคนที,สมุทรสงคราม
226,อัมพวา,สมุทรสงคราม
227,ดอนตูม,นครปฐม
228,บางเลน,นครปฐม
229,สามพราน,นครปฐม
230,พุทธมณฑล,นครปฐม
231,เมืองสมุทรสาคร,สมุทรสาคร
232,เมืองสระแก้ว,สระแก้ว
233,คลองหาด,สระแก้ว
234,ตาพระยา,สระแก้ว
235,วังน้ำเย็น,สระแก้ว
236,วัฒนานคร,สระแก้ว
237,อรัญประเทศ,สระแก้ว
238,เขาฉกรรจ์,สระแก้ว
239,โคกสูง,สระแก้ว
240,วังสมบูรณ์,สระแก้ว
241,เมืองชลบุรี,ชลบุรี
242,บ้านบึง,ชลบุรี
243,หนองใหญ่,ชลบุรี
244,บางละมุง,ชลบุรี
245,พานทอง,ชลบุรี
246,พนัสนิคม,ชลบุรี
247,ศรีราชา,ชลบุรี
248,แก่งหางแมว,จันทบุรี
249,นายายอาม,จันทบุรี
250,เขาคิชฌกูฏ,จันทบุรี
251,เมืองตราด,ตราด
252,คลองใหญ่,ตราด
253,เขาสมิง,ตราด
254,บ่อไร่,ตราด
255,แหลมงอบ,ตราด
256,เกาะกูด,ตราด
257,เกาะช้าง,ตราด
258,เมืองฉะเชิงเทรา,ฉะเชิงเทรา
259,บางคล้า,ฉะเชิงเทรา
260,บางน้ำเปรี้ยว,ฉะเชิงเทรา
261,บางปะกง,ฉะเชิงเทรา
262,บ้านโพธิ์,ฉะเชิงเทรา
263,พนมสารคาม,ฉะเชิงเทรา
264,ราชสาส์น,ฉะเชิงเทรา
265,สนามชัยเขต,ฉะเชิงเทรา
266,แปลงยาว,ฉะเชิงเทรา
267,ท่าตะเกียบ,ฉะเชิงเทรา
268,บ้านสร้าง,ปราจีนบุรี
269,ประจันตคาม,ปราจีนบุรี
270,ศรีมหาโพธิ,ปราจีนบุรี
271,เกาะสีชัง,ชลบุรี
272,สัตหีบ,ชลบุรี
273,บ่อทอง,ชลบุรี
274,เกาะจันทร์,ชลบุรี
275,เมืองระยอง,ระยอง
276,บ้านฉาง,ระยอง
277,แกลง,ระยอง
278,วังจันทร์,ระยอง
279,บ้านค่าย,ระยอง
280,ปลวกแดง,ระยอง
281,เขาชะเมา,ระยอง
282,นิคมพัฒนา,ระยอง
283,เมืองจันทบุรี,จันทบุรี
284,ขลุง,จันทบุรี
285,ท่าใหม่,จันทบุรี
286,โป่งน้ำร้อน,จันทบุรี
287,มะขาม,จันทบุรี
288,แหลมสิงห์,จันทบุรี
289,สอยดาว,จันทบุรี
290,คลองเขื่อน,ฉะเชิงเทรา
291,เมืองปราจีนบุรี,ปราจีนบุรี
292,กบินทร์บุรี,ปราจีนบุรี
293,นาดี,ปราจีนบุรี
294,ศรีมโหสถ,ปราจีนบุรี
295,ลอง,แพร่
296,สูงเม่น,แพร่
297,เด่นชัย,แพร่
298,สอง,แพร่
299,วังชิ้น,แพร่
300,หนองม่วงไข่,แพร่
301,เมืองน่าน,น่าน
302,แม่จริม,น่าน
303,บ้านหลวง,น่าน
304,นาน้อย,น่าน
305,ปัว,น่าน
306,ท่าวังผา,น่าน
307,เวียงสา,น่าน
308,ทุ่งช้าง,น่าน
309,เชียงกลาง,น่าน
310,นาหมื่น,น่าน
311,สันติสุข,น่าน
312,บ่อเกลือ,น่าน
313,สองแคว,น่าน
314,ภูเพียง,น่าน
315,เฉลิมพระเกียรติ,น่าน
316,เมืองพะเยา,พะเยา
317,จุน,พะเยา
318,เชียงคำ,พะเยา
319,เชียงม่วน,พะเยา
320,ดอกคำใต้,พะเยา
321,ปง,พะเยา
322,แม่ใจ,พะเยา
323,ภูซาง,พะเยา
324,ภูกามยาว,พะเยา
325,เมืองเชียงราย,เชียงราย
326,เวียงชัย,เชียงราย
327,เชียงของ,เชียงราย
328,เทิง,เชียงราย
329,แม่อาย,เชียงใหม่
330,พร้าว,เชียงใหม่
331,สันป่าตอง,เชียงใหม่
332,พาน,เชียงราย
333,สันกำแพง,เชียงใหม่
334,สันทราย,เชียงใหม่
335,หางดง,เชียงใหม่
336,ฮอด,เชียงใหม่
337,ดอยเต่า,เชียงใหม่
338,อมก๋อย,เชียงใหม่
339,สารภี,เชียงใหม่
340,เวียงแหง,เชียงใหม่
341,ไชยปราการ,เชียงใหม่
342,แม่วาง,เชียงใหม่
343,แม่ออน,เชียงใหม่
344,ดอยหล่อ,เชียงใหม่
345,กัลยาณิวัฒนา,เชียงใหม่
346,เมืองลำพูน,ลำพูน
347,แม่ทา,ลำพูน
348,บ้านโฮ่ง,ลำพูน
349,ลี้,ลำพูน
350,ทุ่งหัวช้าง,ลำพูน
351,ป่าซาง,ลำพูน
352,บ้านธิ,ลำพูน
353,ป่าแดด,เชียงราย
354,แม่จัน,เชียงราย
355,เชียงแสน,เชียงราย
356,แม่สาย,เชียงราย
357,แม่สรวย,เชียงราย
358,เวียงป่าเป้า,เชียงราย
359,พญาเม็งราย,เชียงราย
360,เวียงแก่น,เชียงราย
361,แม่สะเรียง,แม่ฮ่องสอน
362,แม่ลาน้อย,แม่ฮ่องสอน
363,สบเมย,แม่ฮ่องสอน
364,แม่พริก,ลำปาง
365,แม่ทะ,ลำปาง
366,สบปราบ,ลำปาง
367,ห้างฉัตร,ลำปาง
368,เมืองปาน,ลำปาง
369,เมืองอุตรดิตถ์,อุตรดิตถ์
370,ตรอน,อุตรดิตถ์
371,ท่าปลา,อุตรดิตถ์
372,น้ำปาด,อุตรดิตถ์
373,ฟากท่า,อุตรดิตถ์
374,บ้านโคก,อุตรดิตถ์
375,พิชัย,อุตรดิตถ์
376,ลับแล,อุตรดิตถ์
377,ทองแสนขัน,อุตรดิตถ์
378,เมืองแพร่,แพร่
379,ร้องกวาง,แพร่
380,เมืองเชียงใหม่,เชียงใหม่
381,จอมทอง,เชียงใหม่
382,แม่แจ่ม,เชียงใหม่
383,เชียงดาว,เชียงใหม่
384,ดอยสะเก็ด,เชียงใหม่
385,แม่แตง,เชียงใหม่
386,แม่ริม,เชียงใหม่
387,สะเมิง,เชียงใหม่
388,ฝาง,เชียงใหม่
389,เวียงหนองล่อง,ลำพูน
390,เมืองลำปาง,ลำปาง
391,แม่เมาะ,ลำปาง
392,เกาะคา,ลำปาง
393,เสริมงาม,ลำปาง
394,งาว,ลำปาง
395,แจ้ห่ม,ลำปาง
396,วังเหนือ,ลำปาง
397,เถิน,ลำปาง
398,ขุนตาล,เชียงราย
399,แม่ฟ้าหลวง,เชียงราย
400,ดอยหลวง,เชียงราย
401,เมืองแม่ฮ่องสอน,แม่ฮ่องสอน
402,แม่ลาว,เชียงราย
403,ขุนยวม,แม่ฮ่องสอน
404,ปาย,แม่ฮ่องสอน
405,เวียงเชียงรุ้ง,เชียงราย
406,ปางมะผ้า,แม่ฮ่องสอน
407,ละงู,สตูล
408,เกาะยาว,พังงา
409,เมืองนครศรีธรรมราช,นครศรีธรรมราช
410,พรหมคีรี,นครศรีธรรมราช
411,ลานสกา,นครศรีธรรมราช
412,ฉวาง,นครศรีธรรมราช
413,พิปูน,นครศรีธรรมราช
414,เชียรใหญ่,นครศรีธรรมราช
415,ชะอวด,นครศรีธรรมราช
416,ท่าศาลา,นครศรีธรรมราช
417,ทุ่งสง,นครศรีธรรมราช
418,นาบอน,นครศรีธรรมราช
419,ทุ่งใหญ่,นครศรีธรรมราช
420,ปากพนัง,นครศรีธรรมราช
421,ร่อนพิบูลย์,นครศรีธรรมราช
422,สิชล,นครศรีธรรมราช
423,ขนอม,นครศรีธรรมราช
424,หัวไทร,นครศรีธรรมราช
425,บางขัน,นครศรีธรรมราช
426,ถ้ำพรรณรา,นครศรีธรรมราช
427,จุฬาภรณ์,นครศรีธรรมราช
428,พระพรหม,นครศรีธรรมราช
429,นบพิตำ,นครศรีธรรมราช
430,ช้างกลาง,นครศรีธรรมราช
431,เฉลิมพระเกียรติ,นครศรีธรรมราช
432,เมืองกระบี่,กระบี่
433,เขาพนม,กระบี่
434,เกาะลันตา,กระบี่
435,คลองท่อม,กระบี่
436,อ่าวลึก,กระบี่
437,ปลายพระยา,กระบี่
438,ลำทับ,กระบี่
439,เหนือคลอง,กระบี่
440,เมืองพังงา,พังงา
441,กะปง,พังงา
442,ตะกั่วทุ่ง,พังงา
443,ตะกั่วป่า,พังงา
444,คุระบุรี,พังงา
445,ทับปุด,พังงา
446,ท้ายเหมือง,พังงา
447,เมืองภูเก็ต,ภูเก็ต
448,กะทู้,ภูเก็ต
449,ถลาง,ภูเก็ต
450,เมืองสุราษฎร์ธานี,สุราษฎร์ธานี
451,กาญจนดิษฐ์,สุราษฎร์ธานี
452,ดอนสัก,สุราษฎร์ธานี
453,เกาะสมุย,สุราษฎร์ธานี
454,เกาะพะงัน,สุราษฎร์ธานี
455,ไชยา,สุราษฎร์ธานี
456,ท่าชนะ,สุราษฎร์ธานี
457,คีรีรัฐนิคม,สุราษฎร์ธานี
458,บ้านตาขุน,สุราษฎร์ธานี
459,พนม,สุราษฎร์ธานี
460,ท่าฉาง,สุราษฎร์ธานี
461,บ้านนาสาร,สุราษฎร์ธานี
462,พระแสง,สุราษฎร์ธานี
463,พุนพิน,สุราษฎร์ธานี
464,เมืองชุมพร,ชุมพร
465,ท่าแซะ,ชุมพร
466,ปะทิว,ชุมพร
467,หลังสวน,ชุมพร
468,ละแม,ชุมพร
469,พะโต๊ะ,ชุมพร
470,สวี,ชุมพร
471,ทุ่งตะโก,ชุมพร
472,ทุ่งหว้า,สตูล
473,มะนัง,สตูล
474,เมืองตรัง,ตรัง
475,กันตัง,ตรัง
476,บ้านนาเดิม,สุราษฎร์ธานี
477,เคียนซา,สุราษฎร์ธานี
478,เวียงสระ,สุราษฎร์ธานี
479,ชัยบุรี,สุราษฎร์ธานี
480,วิภาวดี,สุราษฎร์ธานี
481,เมืองระนอง,ระนอง
482,ละอุ่น,ระนอง
483,กะเปอร์,ระนอง
484,กระบุรี,ระนอง
485,สุขสำราญ,ระนอง
486,เมืองสงขลา,สงขลา
487,ย่านตาขาว,ตรัง
488,ปะเหลียน,ตรัง
489,สิเกา,ตรัง
490,ห้วยยอด,ตรัง
491,วังวิเศษ,ตรัง
492,ควนขนุน,พัทลุง
493,สทิงพระ,สงขลา
494,จะนะ,สงขลา
495,นาทวี,สงขลา
496,เทพา,สงขลา
497,สะบ้าย้อย,สงขลา
498,กระแสสินธุ์,สงขลา
499,รัตภูมิ,สงขลา
500,สะเดา,สงขลา
501,หาดใหญ่,สงขลา
502,ตะโหมด,พัทลุง
503,ยี่งอ,นราธิวาส
504,ระโนด,สงขลา
505,สิงหนคร,สงขลา
506,นาหม่อม,สงขลา
507,ควนเนียง,สงขลา
508,บางกล่ำ,สงขลา
509,คลองหอยโข่ง,สงขลา
510,เมืองสตูล,สตูล
511,ควนโดน,สตูล
512,ควนกาหลง,สตูล
513,ท่าแพ,สตูล
514,นาโยง,ตรัง
515,รัษฎา,ตรัง
516,หาดสำราญ,ตรัง
517,เมืองพัทลุง,พัทลุง
518,กงหรา,พัทลุง
519,เขาชัยสน,พัทลุง
520,ปากพะยูน,พัทลุง
521,ศรีบรรพต,พัทลุง
522,ป่าบอน,พัทลุง
523,บางแก้ว,พัทลุง
524,ป่าพยอม,พัทลุง
525,ศรีนครินทร์,พัทลุง
526,เมืองปัตตานี,ปัตตานี
527,โคกโพธิ์,ปัตตานี
528,หนองจิก,ปัตตานี
529,ระแงะ,นราธิวาส
530,รือเสาะ,นราธิวาส
531,ศรีสาคร,นราธิวาส
532,แว้ง,นราธิวาส
533,สุคิริน,นราธิวาส
534,สุไหงโก-ลก,นราธิวาส
535,สุไหงปาดี,นราธิวาส
536,ปะนาเระ,ปัตตานี
537,จะแนะ,นราธิวาส
538,มายอ,ปัตตานี
539,ทุ่งยางแดง,ปัตตานี
540,สายบุรี,ปัตตานี
541,ไม้แก่น,ปัตตานี
542,ยะหริ่ง,ปัตตานี
543,ยะรัง,ปัตตานี
544,กะพ้อ,ปัตตานี
545,แม่ลาน,ปัตตานี
546,เมืองยะลา,ยะลา
547,เบตง,ยะลา
548,บันนังสตา,ยะลา
549,ธารโต,ยะลา
550,ยะหา,ยะลา
551,รามัน,ยะลา
552,กาบัง,ยะลา
553,กรงปีนัง,ยะลา
554,เมืองนราธิวาส,นราธิวาส
555,ตากใบ,นราธิวาส
556,บาเจาะ,นราธิวาส
557,เจาะไอร้อง,นราธิวาส
558,เมืองนครราชสีมา,นครราชสีมา
559,ครบุรี,นครราชสีมา
560,ปักธงชัย,นครราชสีมา
561,พิมาย,นครราชสีมา
562,ห้วยแถลง,นครราชสีมา
563,ชุมพวง,นครราชสีมา
564,สูงเนิน,นครราชสีมา
565,นางรอง,บุรีรัมย์
566,บ้านกรวด,บุรีรัมย์
567,พุทไธสง,บุรีรัมย์
568,ลำปลายมาศ,บุรีรัมย์
569,สตึก,บุรีรัมย์
570,เมืองชัยภูมิ,ชัยภูมิ
571,บ้านเขว้า,ชัยภูมิ
572,คอนสวรรค์,ชัยภูมิ
573,เกษตรสมบูรณ์,ชัยภูมิ
574,หนองบัวแดง,ชัยภูมิ
575,จัตุรัส,ชัยภูมิ
576,บำเหน็จณรงค์,ชัยภูมิ
577,หนองบัวระเหว,ชัยภูมิ
578,เทพสถิต,ชัยภูมิ
579,ภูเขียว,ชัยภูมิ
580,บ้านแท่น,ชัยภูมิ
581,ภักดีชุมพล,ชัยภูมิ
582,พรเจริญ,บึงกาฬ
583,โซ่พิสัย,บึงกาฬ
584,เซกา,บึงกาฬ
585,ปากคาด,บึงกาฬ
586,บึงโขงหลง,บึงกาฬ
587,ศรีวิไล,บึงกาฬ
588,บุ่งคล้า,บึงกาฬ
589,เมืองหนองบัวลำภู,หนองบัวลำภู
590,นากลาง,หนองบัวลำภู
591,โนนสัง,หนองบัวลำภู
592,ศรีบุญเรือง,หนองบัวลำภู
593,สุวรรณคูหา,หนองบัวลำภู
594,นาวัง,หนองบัวลำภู
595,เมืองขอนแก่น,ขอนแก่น
596,บ้านฝาง,ขอนแก่น
597,พระยืน,ขอนแก่น
598,หนองเรือ,ขอนแก่น
599,ชุมแพ,ขอนแก่น
600,สีชมพู,ขอนแก่น
601,น้ำพอง,ขอนแก่น
602,อุบลรัตน์,ขอนแก่น
603,กระนวน,ขอนแก่น
604,บ้านไผ่,ขอนแก่น
605,เปือยน้อย,ขอนแก่น
606,พล,ขอนแก่น
607,แวงใหญ่,ขอนแก่น
608,แวงน้อย,ขอนแก่น
609,หนองสองห้อง,ขอนแก่น
610,ภูเวียง,ขอนแก่น
611,มัญจาคีรี,ขอนแก่น
612,ชนบท,ขอนแก่น
613,เขาสวนกวาง,ขอนแก่น
614,ภูผาม่าน,ขอนแก่น
615,ซำสูง,ขอนแก่น
616,โคกโพธิ์ไชย,ขอนแก่น
617,หนองนาคำ,ขอนแก่น
618,บ้านแฮด,ขอนแก่น
619,โนนศิลา,ขอนแก่น
620,เมืองอุดรธานี,อุดรธานี
621,กุดจับ,อุดรธานี
622,หนองวัวซอ,อุดรธานี
623,กุมภวาปี,อุดรธานี
624,โนนสะอาด,อุดรธานี
625,หนองหาน,อุดรธานี
626,ทุ่งฝน,อุดรธานี
627,ไชยวาน,อุดรธานี
628,ศรีธาตุ,อุดรธานี
629,วังสามหมอ,อุดรธานี
630,บ้านดุง,อุดรธานี
631,บ้านผือ,อุดรธานี
632,น้ำโสม,อุดรธานี
633,เพ็ญ,อุดรธานี
634,สร้างคอม,อุดรธานี
635,หนองแสง,อุดรธานี
636,นายูง,อุดรธานี
637,พิบูลย์รักษ์,อุดรธานี
638,เสิงสาง,นครราชสีมา
639,คง,นครราชสีมา
640,นาแห้ว,เลย
641,บ้านเหลื่อม,นครราชสีมา
642,จักราช,นครราชสีมา
643,ภูเรือ,เลย
644,ท่าลี่,เลย
645,วังสะพุง,เลย
646,ภูกระดึง,เลย
647,ภูหลวง,เลย
648,ผาขาว,เลย
649,เอราวัณ,เลย
650,โชคชัย,นครราชสีมา
651,ด่านขุนทด,นครราชสีมา
652,หนองหิน,เลย
653,เมืองหนองคาย,หนองคาย
654,ท่าบ่อ,หนองคาย
655,โพนพิสัย,หนองคาย
656,ศรีเชียงใหม่,หนองคาย
657,สังคม,หนองคาย
658,สระใคร,หนองคาย
659,เฝ้าไร่,หนองคาย
660,รัตนวาปี,หนองคาย
661,โพธิ์ตาก,หนองคาย
662,โนนไทย,นครราชสีมา
663,โนนสูง,นครราชสีมา
664,ขามสะแกแสง,นครราชสีมา
665,หนองหงส์,บุรีรัมย์
666,บัวใหญ่,นครราชสีมา
667,ประทาย,นครราชสีมา
668,ขามทะเลสอ,นครราชสีมา
669,สีคิ้ว,นครราชสีมา
670,ปากช่อง,นครราชสีมา
671,สำโรงทาบ,สุรินทร์
672,บัวเชด,สุรินทร์
673,พนมดงรัก,สุรินทร์
674,ศรีณรงค์,สุรินทร์
675,เขวาสินรินทร์,สุรินทร์
676,โนนนารายณ์,สุรินทร์
677,หนองบุญมาก,นครราชสีมา
678,แก้งสนามนาง,นครราชสีมา
679,เมืองศรีสะเกษ,ศรีสะเกษ
680,เมืองมหาสารคาม,มหาสารคาม
681,โนนแดง,นครราชสีมา
682,วังน้ำเขียว,นครราชสีมา
683,น้ำเกลี้ยง,ศรีสะเกษ
684,วังหิน,ศรีสะเกษ
685,ภูสิงห์,ศรีสะเกษ
686,เมืองจันทร์,ศรีสะเกษ
687,เบญจลักษ์,ศรีสะเกษ
688,พยุห์,ศรีสะเกษ
689,โพธิ์ศรีสุวรรณ,ศรีสะเกษ
690,ศิลาลาด,ศรีสะเกษ
691,เมืองอุบลราชธานี,อุบลราชธานี
692,ศรีเมืองใหม่,อุบลราชธานี
693,เทพารักษ์,นครราชสีมา
694,เมืองยาง,นครราชสีมา
695,โขงเจียม,อุบลราชธานี
696,เขื่องใน,อุบลราชธานี
697,เขมราฐ,อุบลราชธานี
698,เดชอุดม,อุบลราชธานี
699,นาจะหลวย,อุบลราชธานี
700,น้ำยืน,อุบลราชธานี
701,บุณฑริก,อุบลราชธานี
702,ตระการพืชผล,อุบลราชธานี
703,กุดข้าวปุ้น,อุบลราชธานี
704,ม่วงสามสิบ,อุบลราชธานี
705,วารินชำราบ,อุบลราชธานี
706,พระทองคำ,นครราชสีมา
707,ลำทะเมนชัย,นครราชสีมา
708,พิบูลมังสาหาร,อุบลราชธานี
709,ตาลสุม,อุบลราชธานี
710,โพธิ์ไทร,อุบลราชธานี
711,สำโรง,อุบลราชธานี
712,ดอนมดแดง,อุบลราชธานี
713,สิรินธร,อุบลราชธานี
714,ทุ่งศรีอุดม,อุบลราชธานี
715,นาเยีย,อุบลราชธานี
716,จตุรพักตรพิมาน,ร้อยเอ็ด
717,ธวัชบุรี,ร้อยเอ็ด
718,บัวลาย,นครราชสีมา
719,พนมไพร,ร้อยเอ็ด
720,โพนทอง,ร้อยเอ็ด
721,โพธิ์ชัย,ร้อยเอ็ด
722,หนองพอก,ร้อยเอ็ด
723,เสลภูมิ,ร้อยเอ็ด
724,สุวรรณภูมิ,ร้อยเอ็ด
725,สีดา,นครราชสีมา
726,กุฉินารายณ์,กาฬสินธุ์
727,เขาวง,กาฬสินธุ์
728,ยางตลาด,กาฬสินธุ์
729,ห้วยเม็ก,กาฬสินธุ์
730,สหัสขันธ์,กาฬสินธุ์
731,คำม่วง,กาฬสินธุ์
732,ท่าคันโท,กาฬสินธุ์
733,หนองกุงศรี,กาฬสินธุ์
734,เฉลิมพระเกียรติ,นครราชสีมา
735,สมเด็จ,กาฬสินธุ์
736,เมืองบุรีรัมย์,บุรีรัมย์
737,คูเมือง,บุรีรัมย์
738,กระสัง,บุรีรัมย์
739,หนองกี่,บุรีรัมย์
740,ห้วยผึ้ง,กาฬสินธุ์
741,สามชัย,กาฬสินธุ์
742,นาคู,กาฬสินธุ์
743,ดอนจาน,กาฬสินธุ์
744,ฆ้องชัย,กาฬสินธุ์
745,เมืองสกลนคร,สกลนคร
746,กุสุมาลย์,สกลนคร
747,กุดบาก,สกลนคร
748,ละหานทราย,บุรีรัมย์
749,ประโคนชัย,บุรีรัมย์
750,ปะคำ,บุรีรัมย์
751,นาโพธิ์,บุรีรัมย์
752,พรรณานิคม,สกลนคร
753,พังโคน,สกลนคร
754,วาริชภูมิ,สกลนคร
755,นิคมน้ำอูน,สกลนคร
756,วานรนิวาส,สกลนคร
757,คำตากล้า,สกลนคร
758,บ้านม่วง,สกลนคร
759,อากาศอำนวย,สกลนคร
760,สว่างแดนดิน,สกลนคร
761,ส่องดาว,สกลนคร
762,เต่างอย,สกลนคร
763,โคกศรีสุพรรณ,สกลนคร
764,เจริญศิลป์,สกลนคร
765,พลับพลาชัย,บุรีรัมย์
766,โพนนาแก้ว,สกลนคร
767,ภูพาน,สกลนคร
768,เมืองนครพนม,นครพนม
769,ปลาปาก,นครพนม
770,ท่าอุเทน,นครพนม
771,บ้านแพง,นครพนม
772,ธาตุพนม,นครพนม
773,เรณูนคร,นครพนม
774,นาแก,นครพนม
775,ศรีสงคราม,นครพนม
776,นาหว้า,นครพนม
777,ห้วยราช,บุรีรัมย์
778,โนนสุวรรณ,บุรีรัมย์
779,โพนสวรรค์,นครพนม
780,นาทม,นครพนม
781,วังยาง,นครพนม
782,เมืองมุกดาหาร,มุกดาหาร
783,นิคมคำสร้อย,มุกดาหาร
784,ดอนตาล,มุกดาหาร
785,ดงหลวง,มุกดาหาร
786,ชำนิ,บุรีรัมย์
787,บ้านใหม่ไชยพจน์,บุรีรัมย์
788,คำชะอี,มุกดาหาร
789,โนนดินแดง,บุรีรัมย์
790,บ้านด่าน,บุรีรัมย์
791,แคนดง,บุรีรัมย์
792,สว่างวีระวงศ์,อุบลราชธานี
793,น้ำขุ่น,อุบลราชธานี
794,เฉลิมพระเกียรติ,บุรีรัมย์
795,เมืองสุรินทร์,สุรินทร์
796,ชุมพลบุรี,สุรินทร์
797,ท่าตูม,สุรินทร์
798,จอมพระ,สุรินทร์
799,ปราสาท,สุรินทร์
800,กาบเชิง,สุรินทร์
801,รัตนบุรี,สุรินทร์
802,สนม,สุรินทร์
803,ศีขรภูมิ,สุรินทร์
804,สังขะ,สุรินทร์
805,ลำดวน,สุรินทร์
806,ยางชุมน้อย,ศรีสะเกษ
807,กันทรารมย์,ศรีสะเกษ
808,กันทรลักษ์,ศรีสะเกษ
809,ขุขันธ์,ศรีสะเกษ
810,ไพรบึง,ศรีสะเกษ
811,ปรางค์กู่,ศรีสะเกษ
812,ขุนหาญ,ศรีสะเกษ
813,ราษีไศล,ศรีสะเกษ
814,อุทุมพรพิสัย,ศรีสะเกษ
815,บึงบูรพ์,ศรีสะเกษ
816,ห้วยทับทัน,ศรีสะเกษ
817,โนนคูณ,ศรีสะเกษ
818,ศรีรัตนะ,ศรีสะเกษ
819,นาตาล,อุบลราชธานี
820,เหล่าเสือโก้ก,อุบลราชธานี
821,เมืองยโสธร,ยโสธร
822,ทรายมูล,ยโสธร
823,กุดชุม,ยโสธร
824,คำเขื่อนแก้ว,ยโสธร
825,ป่าติ้ว,ยโสธร
826,มหาชนะชัย,ยโสธร
827,ค้อวัง,ยโสธร
828,เลิงนกทา,ยโสธร
829,ไทยเจริญ,ยโสธร
830,แก้งคร้อ,ชัยภูมิ
831,คอนสาร,ชัยภูมิ
832,เนินสง่า,ชัยภูมิ
833,ซับใหญ่,ชัยภูมิ
834,เมืองอำนาจเจริญ,อำนาจเจริญ
835,ชานุมาน,อำนาจเจริญ
836,ปทุมราชวงศา,อำนาจเจริญ
837,พนา,อำนาจเจริญ
838,เสนางคนิคม,อำนาจเจริญ
839,หัวตะพาน,อำนาจเจริญ
840,ลืออำนาจ,อำนาจเจริญ
841,บึงกาฬ,บึงกาฬ
842,เวียงเก่า,ขอนแก่น
843,กู่แก้ว,อุดรธานี
844,ประจักษ์ศิลปาคม,อุดรธานี
845,เมืองเลย,เลย
846,นาด้วง,เลย
847,เชียงคาน,เลย
848,ปากชม,เลย
849,ด่านซ้าย,เลย
850,แกดำ,มหาสารคาม
851,โกสุมพิสัย,มหาสารคาม
852,กันทรวิชัย,มหาสารคาม
853,เชียงยืน,มหาสารคาม
854,บรบือ,มหาสารคาม
855,นาเชือก,มหาสารคาม
856,พยัคฆภูมิพิสัย,มหาสารคาม
857,วาปีปทุม,มหาสารคาม
858,นาดูน,มหาสารคาม
859,ยางสีสุราช,มหาสารคาม
860,กุดรัง,มหาสารคาม
861,ชื่นชม,มหาสารคาม
862,เมืองร้อยเอ็ด,ร้อยเอ็ด
863,เกษตรวิสัย,ร้อยเอ็ด
864,ปทุมรัตต์,ร้อยเอ็ด
865,เมืองสรวง,ร้อยเอ็ด
866,โพนทราย,ร้อยเอ็ด
867,อาจสามารถ,ร้อยเอ็ด
868,เมยวดี,ร้อยเอ็ด
869,อาจสามารถ,ร้อยเอ็ด
870,ศรีสมเด็จ,ร้อยเอ็ด
871,จังหาร,ร้อยเอ็ด
872,เชียงขวัญ,ร้อยเอ็ด
873,หนองฮี,ร้อยเอ็ด
874,ทุ่งเขาหลวง,ร้อยเอ็ด
875,เมืองกาฬสินธุ์,กาฬสินธุ์
876,นามน,กาฬสินธุ์
877,กมลาไสย,กาฬสินธุ์
878,ร่องคำ,กาฬสินธุ์
879,ว่านใหญ่,มุกดาหาร
880,หนองสูง,มุกดาหาร
881,เมืองตาก,ตาก
882,บ้านตาก,ตาก
883,สามเงา,ตาก
884,แม่ระมาด,ตาก
885,ท่าสองยาง,ตาก
886,แม่สอด,ตาก
887,พบพระ,ตาก
888,อุ้มผาง,ตาก
889,วังเจ้า,ตาก
890,เมืองราชบุรี,ราชบุรี
891,จอมบึง,ราชบุรี
892,สวนผึ้ง,ราชบุรี
893,ดำเนินสะดวก,ราชบุรี
894,บ้านโป่ง,ราชบุรี
895,บางแพ,ราชบุรี
896,โพธาราม,ราชบุรี
897,ปากท่อ,ราชบุรี
898,วัดเพลง,ราชบุรี
899,บ้านคา,ราชบุรี
900,เมืองกาญจนบุรี,กาญจนบุรี
901,ไทรโยค,กาญจนบุรี
902,บ่อพลอย,กาญจนบุรี
903,ศรีสวัสดิ์,กาญจนบุรี
904,ท่ามะกา,กาญจนบุรี
905,ท่าม่วง,กาญจนบุรี
906,ทองผาภูมิ,กาญจนบุรี
907,สังขละบุรี,กาญจนบุรี
908,พนมทวน,กาญจนบุรี
909,เลาขวัญ,กาญจนบุรี
910,ด่านมะขามเตี้ย,กาญจนบุรี
911,หนองปรือ,กาญจนบุรี
912,ห้วยกระเจา,กาญจนบุรี
913,เมืองเพชรบุรี,เพชรบุรี
914,เขาย้อย,เพชรบุรี
915,หนองหญ้าปล้อง,เพชรบุรี
916,ท่ายาง,เพชรบุรี
917,หัวหิน,ประจวบคีรีขันธ์
918,ชะอำ,เพชรบุรี
919,บ้านลาด,เพชรบุรี
920,บ้านแหลม,เพชรบุรี
921,แก่งกระจาน,เพชรบุรี
922,เมืองประจวบคีรีขันธ์,ประจวบคีรีขันธ์
923,กุยบุรี,ประจวบคีรีขันธ์
924,ทับสะแก,ประจวบคีรีขันธ์
925,บางสะพาน,ประจวบคีรีขันธ์
926,บางสะพานน้อย,ประจวบคีรีขันธ์
927,ปราณบุรี,ประจวบคีรีขันธ์
928,สามร้อยยอด,ประจวบคีรีขันธ์
