,index,district,degree
0,1,"('พระนคร', 'กรุงเทพมหานคร')",0.23373151780239934
1,2,"('ดุสิต', 'กรุงเทพมหานคร')",0.2401375562530287
2,3,"('บางรัก', 'กรุงเทพมหานคร')",0.2298855129705062
3,4,"('พญาไท', 'กรุงเทพมหานคร')",0.16846498774492982
4,5,"('บ้านนา', 'นครนายก')",0.00011688564811880808
5,6,"('องครักษ์', 'นครนายก')",0.0007437301895296167
6,7,"('หนองจอก', 'กรุงเทพมหานคร')",0.002416879033915226
7,8,"('คลองเตย', 'กรุงเทพมหานคร')",0.17254628730526556
8,9,"('บางเขน', 'กรุงเทพมหานคร')",0.01921339664878798
9,10,"('พระโขนง', 'กรุงเทพมหานคร')",0.049963091596141124
10,11,"('บางกะปิ', 'กรุงเทพมหานคร')",0.062339108639629874
11,12,"('ปทุมวัน', 'กรุงเทพมหานคร')",0.2536736213393834
12,13,"('ป้อมปราบศัตรูพ่าย', 'กรุงเทพมหานคร')",0.2114936903519827
13,14,"('มีนบุรี', 'กรุงเทพมหานคร')",0.009713260328849489
14,15,"('สัมพันธวงศ์', 'กรุงเทพมหานคร')",0.23284323984033142
15,16,"('ลาดกระบัง', 'กรุงเทพมหานคร')",0.008349944617794779
16,17,"('ยานนาวา', 'กรุงเทพมหานคร')",0.19770010958028922
17,18,"('ธนบุรี', 'กรุงเทพมหานคร')",0.2502629123068365
18,19,"('บางกอกใหญ่', 'กรุงเทพมหานคร')",0.17917274587575693
19,20,"('ห้วยขวาง', 'กรุงเทพมหานคร')",0.14189115586105724
20,21,"('คลองสาน', 'กรุงเทพมหานคร')",0.2275797874871871
21,22,"('ตลิ่งชัน', 'กรุงเทพมหานคร')",0.1021677247431626
22,23,"('บางกอกน้อย', 'กรุงเทพมหานคร')",0.1714377664747578
23,24,"('บางขุนเทียน', 'กรุงเทพมหานคร')",0.07154292266941191
24,25,"('ภาษีเจริญ', 'กรุงเทพมหานคร')",0.12443320503541712
25,26,"('หนองแขม', 'กรุงเทพมหานคร')",0.016778272798798073
26,27,"('ดอนเมือง', 'กรุงเทพมหานคร')",0.01192664021089013
27,28,"('ราษฎร์บูรณะ', 'กรุงเทพมหานคร')",0.11665293553659395
28,29,"('บางพลัด', 'กรุงเทพมหานคร')",0.19296281603108595
29,30,"('ดินแดง', 'กรุงเทพมหานคร')",0.13220630935735234
30,31,"('บึงกุ่ม', 'กรุงเทพมหานคร')",0.026642888972281474
31,32,"('สาทร', 'กรุงเทพมหานคร')",0.2317339002815049
32,33,"('บางซื่อ', 'กรุงเทพมหานคร')",0.09557302197326788
33,34,"('จตุจักร', 'กรุงเทพมหานคร')",0.09166659381512374
34,35,"('บางคอแหลม', 'กรุงเทพมหานคร')",0.1988743980321376
35,36,"('ประเวศ', 'กรุงเทพมหานคร')",0.02611162416358938
36,37,"('สวนหลวง', 'กรุงเทพมหานคร')",0.06655273045275971
37,38,"('จอมทอง', 'กรุงเทพมหานคร')",0.12551281853131466
38,39,"('ราชเทวี', 'กรุงเทพมหานคร')",0.19232683837100084
39,40,"('ลาดพร้าว', 'กรุงเทพมหานคร')",0.04138517159244797
40,41,"('วัฒนา', 'กรุงเทพมหานคร')",0.18113032368181847
41,42,"('บางแค', 'กรุงเทพมหานคร')",0.03924362578953529
42,43,"('หลักสี่', 'กรุงเทพมหานคร')",0.02625325199931955
43,44,"('สายไหม', 'กรุงเทพมหานคร')",0.013121431801578426
44,45,"('คันนายาว', 'กรุงเทพมหานคร')",0.019357119298205747
45,46,"('สะพานสูง', 'กรุงเทพมหานคร')",0.017614161257887635
46,47,"('วังทองหลาง', 'กรุงเทพมหานคร')",0.06776982773168515
47,48,"('คลองสามวา', 'กรุงเทพมหานคร')",0.008527650831993474
48,49,"('บางนา', 'กรุงเทพมหานคร')",0.038041439244965974
49,50,"('ทวีวัฒนา', 'กรุงเทพมหานคร')",0.038774210930948246
50,51,"('ทุ่งครุ', 'กรุงเทพมหานคร')",0.06332615073242238
51,52,"('หนองเสือ', 'ปทุมธานี')",0.0005912014865937834
52,53,"('บางบอน', 'กรุงเทพมหานคร')",0.0458727407787349
53,54,"('เมืองสมุทรปราการ', 'สมุทรปราการ')",0.03758386606548096
54,55,"('บางบ่อ', 'สมุทรปราการ')",0.005384813829518054
55,56,"('บางพลี', 'สมุทรปราการ')",0.02235487155268588
56,57,"('พระประแดง', 'สมุทรปราการ')",0.16480965472968995
57,58,"('พระสมุทรเจดีย์', 'สมุทรปราการ')",0.023761114713361602
58,59,"('บางเสาธง', 'สมุทรปราการ')",0.005310003825315552
59,60,"('บางปะหัน', 'พระนครศรีอยุธยา')",1.9898461475154342e-05
60,61,"('ผักไห่', 'พระนครศรีอยุธยา')",6.36317186003544e-05
61,62,"('ภาชี', 'พระนครศรีอยุธยา')",1.668979590521126e-05
62,63,"('ลาดบัวหลวง', 'พระนครศรีอยุธยา')",0.0010002381265354263
63,64,"('วังน้อย', 'พระนครศรีอยุธยา')",0.0001282590644603529
64,65,"('เสนา', 'พระนครศรีอยุธยา')",0.00015120039842090005
65,66,"('บางซ้าย', 'พระนครศรีอยุธยา')",0.00041113189674640176
66,67,"('เมืองนนทบุรี', 'นนทบุรี')",0.0802050072973814
67,68,"('ป่าโมก', 'อ่างทอง')",1.4873815998239627e-05
68,69,"('โพธิ์ทอง', 'อ่างทอง')",7.849511404316287e-06
69,70,"('แสวงหา', 'อ่างทอง')",3.4828229033330666e-06
70,71,"('วิเศษชัยชาญ', 'อ่างทอง')",1.4448255712481022e-05
71,72,"('สามโก้', 'อ่างทอง')",7.015500843326026e-06
72,73,"('เมืองลพบุรี', 'ลพบุรี')",1.0494206969525607e-05
73,74,"('พัฒนานิคม', 'ลพบุรี')",7.501820712827936e-06
74,75,"('โคกสำโรง', 'ลพบุรี')",2.772792658309389e-06
75,76,"('บางกรวย', 'นนทบุรี')",0.11127827496736989
76,77,"('ชัยบาดาล', 'ลพบุรี')",2.790294734015073e-06
77,78,"('ท่าวุ้ง', 'ลพบุรี')",5.838827607060938e-06
78,79,"('บางใหญ่', 'นนทบุรี')",0.028653310467538926
79,80,"('หนองม่วง', 'ลพบุรี')",1.224609753701976e-06
80,81,"('บางบัวทอง', 'นนทบุรี')",0.011021449752296547
81,82,"('ค่ายบางระจัน', 'สิงห์บุรี')",3.800153113426747e-06
82,83,"('พรหมบุรี', 'สิงห์บุรี')",4.868427447839017e-06
83,84,"('ไทรน้อย', 'นนทบุรี')",0.0047532516791780844
84,85,"('สรรคบุรี', 'ชัยนาท')",1.3903054948633964e-06
85,86,"('หันคา', 'ชัยนาท')",1.415471932110095e-06
86,87,"('หนองมะโมง', 'ชัยนาท')",8.706568841327688e-07
87,88,"('เนินขาม', 'ชัยนาท')",1.372641941022549e-06
88,89,"('ปากเกร็ด', 'นนทบุรี')",0.01949115987718531
89,90,"('เมืองสระบุรี', 'สระบุรี')",1.8714608832548837e-05
90,91,"('แก่งคอย', 'สระบุรี')",3.462573193968994e-05
91,92,"('หนองแค', 'สระบุรี')",7.67647980521615e-05
92,93,"('เมืองปทุมธานี', 'ปทุมธานี')",0.004692540791329548
93,94,"('คลองหลวง', 'ปทุมธานี')",0.000926808793857662
94,95,"('ธัญบุรี', 'ปทุมธานี')",0.0017120099173828806
95,96,"('เฉลิมพระเกียรติ', 'สระบุรี')",6.341257127047927e-06
96,97,"('ลาดหลุมแก้ว', 'ปทุมธานี')",0.0029771168909630908
97,98,"('ลำลูกกา', 'ปทุมธานี')",0.004553210824564762
98,99,"('สามโคก', 'ปทุมธานี')",0.0008412391896387614
99,100,"('พระนครศรีอยุธยา', 'พระนครศรีอยุธยา')",5.5504307313082895e-05
100,101,"('ท่าเรือ', 'พระนครศรีอยุธยา')",1.05099931092171e-05
101,102,"('นครหลวง', 'พระนครศรีอยุธยา')",1.4378827841303261e-05
102,103,"('บางไทร', 'พระนครศรีอยุธยา')",0.0004375935217542925
103,104,"('บางบาล', 'พระนครศรีอยุธยา')",6.596575799292451e-05
104,105,"('บางปะอิน', 'พระนครศรีอยุธยา')",0.00017666835360474295
105,106,"('อุทัย', 'พระนครศรีอยุธยา')",3.6931750023885226e-05
106,107,"('มหาราช', 'พระนครศรีอยุธยา')",1.1700061531147888e-05
107,108,"('บ้านแพรก', 'พระนครศรีอยุธยา')",7.971094131023845e-06
108,109,"('เมืองอ่างทอง', 'อ่างทอง')",1.3800183394547283e-05
109,110,"('ไชโย', 'อ่างทอง')",8.334161442732077e-06
110,111,"('บ้านหมี่', 'ลพบุรี')",3.176507029715531e-06
111,112,"('ท่าหลวง', 'ลพบุรี')",2.250714598381671e-06
112,113,"('สระโบสถ์', 'ลพบุรี')",9.238924808286215e-07
113,114,"('โคกเจริญ', 'ลพบุรี')",7.949944541820067e-07
114,115,"('ลำสนธิ', 'ลพบุรี')",2.4607397876373885e-06
115,116,"('เมืองสิงห์บุรี', 'สิงห์บุรี')",3.064821347759085e-06
116,117,"('บางระจัน', 'สิงห์บุรี')",2.2036052115740676e-06
117,118,"('ท่าช้าง', 'สิงห์บุรี')",4.40436497840679e-06
118,119,"('อินทร์บุรี', 'สิงห์บุรี')",2.1009820339292127e-06
119,120,"('เมืองชัยนาท', 'ชัยนาท')",9.892978436951844e-07
120,121,"('มโนรมย์', 'ชัยนาท')",7.540308055593417e-07
121,122,"('วัดสิงห์', 'ชัยนาท')",1.066549076270964e-06
122,123,"('สรรพยา', 'ชัยนาท')",7.978235549638731e-07
123,124,"('วิหารแดง', 'สระบุรี')",0.00011244069742473206
124,125,"('หนองแซง', 'สระบุรี')",1.4136315594812258e-05
125,126,"('บ้านหมอ', 'สระบุรี')",1.1597387571124815e-05
126,127,"('ดอนพุด', 'สระบุรี')",9.085344193924859e-06
127,128,"('หนองโดน', 'สระบุรี')",5.055332145775736e-06
128,129,"('พระพุทธบาท', 'สระบุรี')",8.588022742257953e-06
129,130,"('เสาไห้', 'สระบุรี')",7.633627728427945e-06
130,131,"('มวกเหล็ก', 'สระบุรี')",1.2659686972727939e-05
131,132,"('วังม่วง', 'สระบุรี')",5.7535147369433534e-06
132,133,"('เมืองนครนายก', 'นครนายก')",8.599645445434195e-05
133,134,"('ปากพลี', 'นครนายก')",7.482587773339358e-05
134,135,"('เมืองนครสวรรค์', 'นครสวรรค์')",3.573352860421122e-07
135,136,"('โกรกพระ', 'นครสวรรค์')",3.5868699952591054e-07
136,137,"('ชุมแสง', 'นครสวรรค์')",2.4640224066916927e-07
137,138,"('หนองบัว', 'นครสวรรค์')",3.0862866225131546e-07
138,139,"('บรรพตพิสัย', 'นครสวรรค์')",2.826001674934424e-07
139,140,"('เก้าเลี้ยว', 'นครสวรรค์')",1.4316100712882563e-07
140,141,"('ตาคลี', 'นครสวรรค์')",1.277248083651222e-06
141,142,"('ท่าตะโก', 'นครสวรรค์')",3.7748141856435796e-07
142,143,"('ไพศาลี', 'นครสวรรค์')",5.868391648276676e-07
143,144,"('พยุหะคีรี', 'นครสวรรค์')",5.837652546288179e-07
144,145,"('ลาดยาว', 'นครสวรรค์')",3.97330792749071e-07
145,146,"('ตากฟ้า', 'นครสวรรค์')",8.769111570809562e-07
146,147,"('แม่วงก์', 'นครสวรรค์')",6.291394391107362e-07
147,148,"('แม่เปิน', 'นครสวรรค์')",4.4314964154867884e-07
148,149,"('ชุมตาบง', 'นครสวรรค์')",3.1276510587762676e-07
149,150,"('เมืองอุทัยธานี', 'อุทัยธานี')",6.215962012058661e-07
150,151,"('ทัพทัน', 'อุทัยธานี')",4.6986084915690656e-07
151,152,"('สว่างอารมณ์', 'อุทัยธานี')",3.305452670862002e-07
152,153,"('หนองฉาง', 'อุทัยธานี')",6.276206032119085e-07
153,154,"('หนองขาหย่าง', 'อุทัยธานี')",6.793334873445292e-07
154,155,"('บ้านไร่', 'อุทัยธานี')",2.1082383543793653e-06
155,156,"('ลานสัก', 'อุทัยธานี')",6.490822219747064e-07
156,157,"('ห้วยคต', 'อุทัยธานี')",4.0121488694771877e-07
157,158,"('เมืองกำแพงเพชร', 'กำแพงเพชร')",3.9119008582709203e-07
158,159,"('ไทรงาม', 'กำแพงเพชร')",3.73916499901926e-07
159,160,"('คลองลาน', 'กำแพงเพชร')",3.0636907143667643e-07
160,161,"('ขาณุวรลักษบุรี', 'กำแพงเพชร')",2.9342728508423594e-07
161,162,"('คลองขลุง', 'กำแพงเพชร')",2.645566356025967e-07
162,163,"('พรานกระต่าย', 'กำแพงเพชร')",3.8401329175977636e-07
163,164,"('ลานกระบือ', 'กำแพงเพชร')",2.828837272111087e-07
164,165,"('ศรีนคร', 'สุโขทัย')",2.779910491463782e-07
165,166,"('ทรายทองวัฒนา', 'กำแพงเพชร')",2.3537771257789052e-07
166,167,"('ปางศิลาทอง', 'กำแพงเพชร')",3.2612291811626873e-07
167,168,"('ทุ่งเสลี่ยม', 'สุโขทัย')",3.7160932589761555e-07
168,169,"('เมืองพิษณุโลก', 'พิษณุโลก')",3.169280091961864e-07
169,170,"('นครไทย', 'พิษณุโลก')",1.6395532878729654e-07
170,171,"('ชาติตระการ', 'พิษณุโลก')",1.5759868152612328e-07
171,172,"('บางระกำ', 'พิษณุโลก')",3.4794515469971553e-07
172,173,"('บางกระทุ่ม', 'พิษณุโลก')",2.7044697983927173e-07
173,174,"('พรหมพิราม', 'พิษณุโลก')",4.1295347362452385e-07
174,175,"('วัดโบสถ์', 'พิษณุโลก')",2.95269238124775e-07
175,176,"('วังทอง', 'พิษณุโลก')",2.6479131352334e-07
176,177,"('เนินมะปราง', 'พิษณุโลก')",2.475678712203049e-07
177,178,"('เมืองพิจิตร', 'พิจิตร')",2.413921621898439e-07
178,179,"('วังทรายพูน', 'พิจิตร')",1.935257722619773e-07
179,180,"('โพธิ์ประทับช้าง', 'พิจิตร')",2.3551889779835863e-07
180,181,"('ตะพานหิน', 'พิจิตร')",2.3702947864291435e-07
181,182,"('บางมูลนาก', 'พิจิตร')",1.991233892777621e-07
182,183,"('โพทะเล', 'พิจิตร')",1.7529990669849181e-07
183,184,"('บึงสามัคคี', 'กำแพงเพชร')",3.063050427131337e-07
184,185,"('โกสัมพีนคร', 'กำแพงเพชร')",3.803560199620354e-07
185,186,"('สามง่าม', 'พิจิตร')",3.575822684189453e-07
186,187,"('ทับคล้อ', 'พิจิตร')",2.5988930553056084e-07
187,188,"('สากเหล็ก', 'พิจิตร')",1.70756484019213e-07
188,189,"('บึงนาราง', 'พิจิตร')",1.7116750594131896e-07
189,190,"('ดงเจริญ', 'พิจิตร')",2.317893103152268e-07
190,191,"('วชิรบารมี', 'พิจิตร')",2.2851685797100413e-07
191,192,"('เมืองเพชรบูรณ์', 'เพชรบูรณ์')",3.9939575655442356e-07
192,193,"('เมืองสุโขทัย', 'สุโขทัย')",3.491238454860467e-07
193,194,"('บ้านด่านลานหอย', 'สุโขทัย')",4.972172830210889e-07
194,195,"('คีรีมาศ', 'สุโขทัย')",3.0359740497734785e-07
195,196,"('กงไกรลาศ', 'สุโขทัย')",3.1126031343643454e-07
196,197,"('ศรีสัชนาลัย', 'สุโขทัย')",4.478318097528896e-07
197,198,"('ศรีสำโรง', 'สุโขทัย')",4.923104216287221e-07
198,199,"('สวรรคโลก', 'สุโขทัย')",4.776413237084251e-07
199,200,"('ชนแดน', 'เพชรบูรณ์')",2.9796759315589516e-07
200,201,"('หล่มสัก', 'เพชรบูรณ์')",1.9600595109315218e-07
201,202,"('หล่มเก่า', 'เพชรบูรณ์')",2.1344688965984794e-07
202,203,"('วิเชียรบุรี', 'เพชรบูรณ์')",7.895682747819081e-07
203,204,"('ศรีเทพ', 'เพชรบูรณ์')",8.198890626817112e-07
204,205,"('หนองไผ่', 'เพชรบูรณ์')",3.7812004983465877e-07
205,206,"('บึงสามพัน', 'เพชรบูรณ์')",4.1478929740731804e-07
206,207,"('น้ำหนาว', 'เพชรบูรณ์')",2.2401669140053298e-07
207,208,"('วังโป่ง', 'เพชรบูรณ์')",2.2948707303963555e-07
208,209,"('เขาค้อ', 'เพชรบูรณ์')",2.653687618798684e-07
209,210,"('เมืองสุพรรณบุรี', 'สุพรรณบุรี')",5.722537638996747e-05
210,211,"('เดิมบางนางบวช', 'สุพรรณบุรี')",4.370318401474909e-06
211,212,"('ด่านช้าง', 'สุพรรณบุรี')",2.500590843695542e-06
212,213,"('บางปลาม้า', 'สุพรรณบุรี')",0.0001571296709694965
213,214,"('ศรีประจันต์', 'สุพรรณบุรี')",9.322914093832816e-06
214,215,"('ดอนเจดีย์', 'สุพรรณบุรี')",1.0899713164784379e-05
215,216,"('สองพี่น้อง', 'สุพรรณบุรี')",0.00047444655229716113
216,217,"('สามชุก', 'สุพรรณบุรี')",4.038248750049703e-06
217,218,"('อู่ทอง', 'สุพรรณบุรี')",6.206600363756125e-05
218,219,"('หนองหญ้าไซ', 'สุพรรณบุรี')",2.794445487003265e-06
219,220,"('เมืองนครปฐม', 'นครปฐม')",0.0022275821944060664
220,221,"('กำแพงแสน', 'นครปฐม')",0.0005836372430723642
221,222,"('นครชัยศรี', 'นครปฐม')",0.004179903318085726
222,223,"('กระทุ่มแบน', 'สมุทรสาคร')",0.01257925486439372
223,224,"('บ้านแพ้ว', 'สมุทรสาคร')",0.0035600049369432707
224,225,"('เมืองสมุทรสงคราม', 'สมุทรสงคราม')",0.0011902159289689431
225,226,"('บางคนที', 'สมุทรสงคราม')",0.0005193836058260058
226,227,"('อัมพวา', 'สมุทรสงคราม')",0.0005316692838218919
227,228,"('ดอนตูม', 'นครปฐม')",0.000773213007791358
228,229,"('บางเลน', 'นครปฐม')",0.0039794507932549026
229,230,"('สามพราน', 'นครปฐม')",0.019366428228711322
230,231,"('พุทธมณฑล', 'นครปฐม')",0.015642000603506952
231,232,"('เมืองสมุทรสาคร', 'สมุทรสาคร')",0.01077235042070987
232,233,"('เมืองสระแก้ว', 'สระแก้ว')",1.0425770528188837e-06
233,234,"('คลองหาด', 'สระแก้ว')",4.1511088967512503e-07
234,235,"('ตาพระยา', 'สระแก้ว')",2.12809246315645e-07
235,236,"('วังน้ำเย็น', 'สระแก้ว')",9.982904897304735e-07
236,237,"('วัฒนานคร', 'สระแก้ว')",6.468183678973337e-07
237,238,"('อรัญประเทศ', 'สระแก้ว')",1.2115242719980143e-07
238,239,"('เขาฉกรรจ์', 'สระแก้ว')",2.0066612963750577e-06
239,240,"('โคกสูง', 'สระแก้ว')",1.0933075026450292e-07
240,241,"('วังสมบูรณ์', 'สระแก้ว')",8.156011373540763e-07
241,242,"('เมืองชลบุรี', 'ชลบุรี')",4.6396473804341363e-05
242,243,"('บ้านบึง', 'ชลบุรี')",1.541083470889269e-05
243,244,"('หนองใหญ่', 'ชลบุรี')",2.133762252131832e-06
244,245,"('บางละมุง', 'ชลบุรี')",5.060735679014641e-07
245,246,"('พานทอง', 'ชลบุรี')",8.837852082905646e-05
246,247,"('พนัสนิคม', 'ชลบุรี')",5.511650218227437e-05
247,248,"('ศรีราชา', 'ชลบุรี')",4.700647916308729e-06
248,249,"('แก่งหางแมว', 'จันทบุรี')",1.326732162615229e-06
249,250,"('นายายอาม', 'จันทบุรี')",2.440121916102515e-07
250,251,"('เขาคิชฌกูฏ', 'จันทบุรี')",1.4911022974206884e-07
251,252,"('เมืองตราด', 'ตราด')",1.7518641528043462e-09
252,253,"('คลองใหญ่', 'ตราด')",2.4630850022136453e-10
253,254,"('เขาสมิง', 'ตราด')",3.421296651602788e-09
254,255,"('บ่อไร่', 'ตราด')",6.974900908894295e-09
255,256,"('แหลมงอบ', 'ตราด')",2.694289082993979e-09
256,257,"('เกาะกูด', 'ตราด')",2.5066237496810807e-26
257,258,"('เกาะช้าง', 'ตราด')",3.6973352969937634e-10
258,259,"('เมืองฉะเชิงเทรา', 'ฉะเชิงเทรา')",0.0016776602161206462
259,260,"('บางคล้า', 'ฉะเชิงเทรา')",0.0002487396442083537
260,261,"('บางน้ำเปรี้ยว', 'ฉะเชิงเทรา')",0.0007085210196837096
261,262,"('บางปะกง', 'ฉะเชิงเทรา')",0.0005487983880082518
262,263,"('บ้านโพธิ์', 'ฉะเชิงเทรา')",0.0005862979942038587
263,264,"('พนมสารคาม', 'ฉะเชิงเทรา')",4.052761123435294e-05
264,265,"('ราชสาส์น', 'ฉะเชิงเทรา')",3.838585727378222e-05
265,266,"('สนามชัยเขต', 'ฉะเชิงเทรา')",1.132549852363245e-05
266,267,"('แปลงยาว', 'ฉะเชิงเทรา')",7.081012029869629e-05
267,268,"('ท่าตะเกียบ', 'ฉะเชิงเทรา')",7.73471531167663e-06
268,269,"('บ้านสร้าง', 'ปราจีนบุรี')",0.00015933541252732513
269,270,"('ประจันตคาม', 'ปราจีนบุรี')",1.7293241500207343e-05
270,271,"('ศรีมหาโพธิ', 'ปราจีนบุรี')",2.016126957669989e-05
271,272,"('เกาะสีชัง', 'ชลบุรี')",2.5066237496810807e-26
272,273,"('สัตหีบ', 'ชลบุรี')",4.4219647622730045e-08
273,274,"('บ่อทอง', 'ชลบุรี')",6.864222934596103e-06
274,275,"('เกาะจันทร์', 'ชลบุรี')",1.1932509015037855e-05
275,276,"('เมืองระยอง', 'ระยอง')",1.8320549897356332e-07
276,277,"('บ้านฉาง', 'ระยอง')",7.388103133241123e-08
277,278,"('แกลง', 'ระยอง')",3.3314284999592375e-07
278,279,"('วังจันทร์', 'ระยอง')",9.463523771444358e-07
279,280,"('บ้านค่าย', 'ระยอง')",2.610316935663632e-07
280,281,"('ปลวกแดง', 'ระยอง')",1.7402715484719528e-06
281,282,"('เขาชะเมา', 'ระยอง')",1.2904742297697613e-06
282,283,"('นิคมพัฒนา', 'ระยอง')",2.0888572714516956e-07
283,284,"('เมืองจันทบุรี', 'จันทบุรี')",3.4615124746899686e-08
284,285,"('ขลุง', 'จันทบุรี')",1.572171281942085e-08
285,286,"('ท่าใหม่', 'จันทบุรี')",1.473703577404569e-07
286,287,"('โป่งน้ำร้อน', 'จันทบุรี')",4.083937909942442e-08
287,288,"('มะขาม', 'จันทบุรี')",3.667533390915104e-08
288,289,"('แหลมสิงห์', 'จันทบุรี')",1.881628943102919e-08
289,290,"('สอยดาว', 'จันทบุรี')",2.2669407724155693e-07
290,291,"('คลองเขื่อน', 'ฉะเชิงเทรา')",0.0002387688553146169
291,292,"('เมืองปราจีนบุรี', 'ปราจีนบุรี')",2.71554851663186e-05
292,293,"('กบินทร์บุรี', 'ปราจีนบุรี')",4.1371865700707266e-06
293,294,"('นาดี', 'ปราจีนบุรี')",3.50013149599096e-06
294,295,"('ศรีมโหสถ', 'ปราจีนบุรี')",2.0456729776810155e-05
295,296,"('ลอง', 'แพร่')",2.3654097942421687e-07
296,297,"('สูงเม่น', 'แพร่')",1.1479257084133115e-07
297,298,"('เด่นชัย', 'แพร่')",2.6143782927784746e-07
298,299,"('สอง', 'แพร่')",2.157775189839371e-07
299,300,"('วังชิ้น', 'แพร่')",3.6541166891481136e-07
300,301,"('หนองม่วงไข่', 'แพร่')",9.962343491678148e-08
301,302,"('เมืองน่าน', 'น่าน')",7.085419973445972e-08
302,303,"('แม่จริม', 'น่าน')",2.4353071144195374e-08
303,304,"('บ้านหลวง', 'น่าน')",7.29399990928107e-08
304,305,"('นาน้อย', 'น่าน')",5.6761867504501455e-08
305,306,"('ปัว', 'น่าน')",2.4183957359041602e-08
306,307,"('ท่าวังผา', 'น่าน')",4.0269910280724004e-08
307,308,"('เวียงสา', 'น่าน')",9.055417013914008e-08
308,309,"('ทุ่งช้าง', 'น่าน')",1.5154856307750118e-08
309,310,"('เชียงกลาง', 'น่าน')",1.7329145612046452e-08
310,311,"('นาหมื่น', 'น่าน')",8.421941597952874e-08
311,312,"('สันติสุข', 'น่าน')",3.020325737493729e-08
312,313,"('บ่อเกลือ', 'น่าน')",1.5035596629462258e-08
313,314,"('สองแคว', 'น่าน')",3.789795746043868e-08
314,315,"('ภูเพียง', 'น่าน')",3.1425437183398716e-08
315,316,"('เฉลิมพระเกียรติ', 'น่าน')",8.061107013844447e-09
316,317,"('เมืองพะเยา', 'พะเยา')",2.015793506901492e-07
317,318,"('จุน', 'พะเยา')",1.0933537798673663e-07
318,319,"('เชียงคำ', 'พะเยา')",6.694584842022304e-08
319,320,"('เชียงม่วน', 'พะเยา')",1.2749730608034705e-07
320,321,"('ดอกคำใต้', 'พะเยา')",1.9468909003028613e-07
321,322,"('ปง', 'พะเยา')",9.435606566932464e-08
322,323,"('แม่ใจ', 'พะเยา')",1.4760064388644513e-07
323,324,"('ภูซาง', 'พะเยา')",3.613552217379111e-08
324,325,"('ภูกามยาว', 'พะเยา')",1.4726791909190277e-07
325,326,"('เมืองเชียงราย', 'เชียงราย')",2.2923400873108176e-07
326,327,"('เวียงชัย', 'เชียงราย')",9.29572764365528e-08
327,328,"('เชียงของ', 'เชียงราย')",6.926394456021307e-08
328,329,"('เทิง', 'เชียงราย')",1.799308979427006e-07
329,330,"('แม่อาย', 'เชียงใหม่')",8.879496767579147e-08
330,331,"('พร้าว', 'เชียงใหม่')",1.4578730806881398e-07
331,332,"('สันป่าตอง', 'เชียงใหม่')",2.3145602641786292e-07
332,333,"('พาน', 'เชียงราย')",2.5410506772553824e-07
333,334,"('สันกำแพง', 'เชียงใหม่')",2.2425417564368897e-07
334,335,"('สันทราย', 'เชียงใหม่')",1.504079700914209e-07
335,336,"('หางดง', 'เชียงใหม่')",2.0849136407630227e-07
336,337,"('ฮอด', 'เชียงใหม่')",2.691005723325765e-07
337,338,"('ดอยเต่า', 'เชียงใหม่')",1.923060847663355e-07
338,339,"('อมก๋อย', 'เชียงใหม่')",2.0225854171296596e-07
339,340,"('สารภี', 'เชียงใหม่')",2.2610099697832857e-07
340,341,"('เวียงแหง', 'เชียงใหม่')",2.3217803149736866e-08
341,342,"('ไชยปราการ', 'เชียงใหม่')",6.34733097619855e-08
342,343,"('แม่วาง', 'เชียงใหม่')",2.274915469212818e-07
343,344,"('แม่ออน', 'เชียงใหม่')",2.7380684299525023e-07
344,345,"('ดอยหล่อ', 'เชียงใหม่')",1.73021084844278e-07
345,346,"('กัลยาณิวัฒนา', 'เชียงใหม่')",8.729009180577163e-08
346,347,"('เมืองลำพูน', 'ลำพูน')",3.008774017859713e-07
347,348,"('แม่ทา', 'ลำพูน')",4.386680756003126e-07
348,349,"('บ้านโฮ่ง', 'ลำพูน')",3.25536217916183e-07
349,350,"('ลี้', 'ลำพูน')",4.7019047535804515e-07
350,351,"('ทุ่งหัวช้าง', 'ลำพูน')",3.6752813067402054e-07
351,352,"('ป่าซาง', 'ลำพูน')",3.0511045837256954e-07
352,353,"('บ้านธิ', 'ลำพูน')",2.0815179076369486e-07
353,354,"('ป่าแดด', 'เชียงราย')",2.1342371197839603e-07
354,355,"('แม่จัน', 'เชียงราย')",9.61943577622821e-08
355,356,"('เชียงแสน', 'เชียงราย')",4.291879030454189e-08
356,357,"('แม่สาย', 'เชียงราย')",2.9930705973516526e-08
357,358,"('แม่สรวย', 'เชียงราย')",1.607748496155784e-07
358,359,"('เวียงป่าเป้า', 'เชียงราย')",1.7310755185511854e-07
359,360,"('พญาเม็งราย', 'เชียงราย')",1.2206194298054617e-07
360,361,"('เวียงแก่น', 'เชียงราย')",4.5450613206228455e-08
361,362,"('แม่สะเรียง', 'แม่ฮ่องสอน')",1.2650142287592585e-07
362,363,"('แม่ลาน้อย', 'แม่ฮ่องสอน')",5.6670291611098306e-08
363,364,"('สบเมย', 'แม่ฮ่องสอน')",9.495204620262914e-08
364,365,"('แม่พริก', 'ลำปาง')",2.830747315349974e-07
365,366,"('แม่ทะ', 'ลำปาง')",2.621836909827667e-07
366,367,"('สบปราบ', 'ลำปาง')",3.174840782341027e-07
367,368,"('ห้างฉัตร', 'ลำปาง')",2.172437159268623e-07
368,369,"('เมืองปาน', 'ลำปาง')",1.9544790751582326e-07
369,370,"('เมืองอุตรดิตถ์', 'อุตรดิตถ์')",1.909360827282129e-07
370,371,"('ตรอน', 'อุตรดิตถ์')",3.660586432594981e-07
371,372,"('ท่าปลา', 'อุตรดิตถ์')",1.676190695208028e-07
372,373,"('น้ำปาด', 'อุตรดิตถ์')",9.540702448508645e-08
373,374,"('ฟากท่า', 'อุตรดิตถ์')",6.541603855644656e-08
374,375,"('บ้านโคก', 'อุตรดิตถ์')",5.6092544002843217e-08
375,376,"('พิชัย', 'อุตรดิตถ์')",3.574819291372521e-07
376,377,"('ลับแล', 'อุตรดิตถ์')",3.348600654816396e-07
377,378,"('ทองแสนขัน', 'อุตรดิตถ์')",2.2901549609660936e-07
378,379,"('เมืองแพร่', 'แพร่')",1.4515792013633486e-07
379,380,"('ร้องกวาง', 'แพร่')",9.932308009899808e-08
380,381,"('เมืองเชียงใหม่', 'เชียงใหม่')",1.6810353594894836e-07
381,382,"('จอมทอง', 'เชียงใหม่')",3.0020145199546295e-07
382,383,"('แม่แจ่ม', 'เชียงใหม่')",1.9782817709267742e-07
383,384,"('เชียงดาว', 'เชียงใหม่')",7.498589687044785e-08
384,385,"('ดอยสะเก็ด', 'เชียงใหม่')",2.438087782543839e-07
385,386,"('แม่แตง', 'เชียงใหม่')",1.448906203839291e-07
386,387,"('แม่ริม', 'เชียงใหม่')",1.227066421763264e-07
387,388,"('สะเมิง', 'เชียงใหม่')",1.8622506993785523e-07
388,389,"('ฝาง', 'เชียงใหม่')",5.642377814228437e-08
389,390,"('เวียงหนองล่อง', 'ลำพูน')",1.5615146640397175e-07
390,391,"('เมืองลำปาง', 'ลำปาง')",3.1145706785729953e-07
391,392,"('แม่เมาะ', 'ลำปาง')",2.030352406182722e-07
392,393,"('เกาะคา', 'ลำปาง')",2.020090050450622e-07
393,394,"('เสริมงาม', 'ลำปาง')",3.21251797755668e-07
394,395,"('งาว', 'ลำปาง')",2.3256890839540843e-07
395,396,"('แจ้ห่ม', 'ลำปาง')",1.6353772979924778e-07
396,397,"('วังเหนือ', 'ลำปาง')",1.9788664191961226e-07
397,398,"('เถิน', 'ลำปาง')",7.396703051167662e-07
398,399,"('ขุนตาล', 'เชียงราย')",6.105714841932493e-08
399,400,"('แม่ฟ้าหลวง', 'เชียงราย')",6.502137585032881e-08
400,401,"('ดอยหลวง', 'เชียงราย')",9.719907574752819e-08
401,402,"('เมืองแม่ฮ่องสอน', 'แม่ฮ่องสอน')",6.678897593116945e-08
402,403,"('แม่ลาว', 'เชียงราย')",9.398925065109366e-08
403,404,"('ขุนยวม', 'แม่ฮ่องสอน')",7.587829356502438e-08
404,405,"('ปาย', 'แม่ฮ่องสอน')",8.659235602073936e-08
405,406,"('เวียงเชียงรุ้ง', 'เชียงราย')",1.0358612984790325e-07
406,407,"('ปางมะผ้า', 'แม่ฮ่องสอน')",2.1912180211258192e-08
407,408,"('ละงู', 'สตูล')",1.157387815249668e-07
408,409,"('เกาะยาว', 'พังงา')",1.362566625893947e-08
409,410,"('เมืองนครศรีธรรมราช', 'นครศรีธรรมราช')",2.1094585315036472e-07
410,411,"('พรหมคีรี', 'นครศรีธรรมราช')",1.7219697796053376e-07
411,412,"('ลานสกา', 'นครศรีธรรมราช')",3.018082821797052e-07
412,413,"('ฉวาง', 'นครศรีธรรมราช')",2.815160704244596e-07
413,414,"('พิปูน', 'นครศรีธรรมราช')",1.896463487334471e-07
414,415,"('เชียรใหญ่', 'นครศรีธรรมราช')",1.585372703036819e-07
415,416,"('ชะอวด', 'นครศรีธรรมราช')",5.06227669152361e-07
416,417,"('ท่าศาลา', 'นครศรีธรรมราช')",8.183397306925483e-08
417,418,"('ทุ่งสง', 'นครศรีธรรมราช')",5.595339109172542e-07
418,419,"('นาบอน', 'นครศรีธรรมราช')",1.951847372776252e-07
419,420,"('ทุ่งใหญ่', 'นครศรีธรรมราช')",3.422328556995148e-07
420,421,"('ปากพนัง', 'นครศรีธรรมราช')",1.8669074954260325e-07
421,422,"('ร่อนพิบูลย์', 'นครศรีธรรมราช')",3.422325702791812e-07
422,423,"('สิชล', 'นครศรีธรรมราช')",4.84224527343792e-08
423,424,"('ขนอม', 'นครศรีธรรมราช')",2.1128748456705163e-08
424,425,"('หัวไทร', 'นครศรีธรรมราช')",2.0493140864684263e-07
425,426,"('บางขัน', 'นครศรีธรรมราช')",3.2397466432579416e-07
426,427,"('ถ้ำพรรณรา', 'นครศรีธรรมราช')",1.525782576349291e-07
427,428,"('จุฬาภรณ์', 'นครศรีธรรมราช')",2.496454819772229e-07
428,429,"('พระพรหม', 'นครศรีธรรมราช')",1.7923335360427485e-07
429,430,"('นบพิตำ', 'นครศรีธรรมราช')",1.4217935876887758e-07
430,431,"('ช้างกลาง', 'นครศรีธรรมราช')",1.9003356214760583e-07
431,432,"('เฉลิมพระเกียรติ', 'นครศรีธรรมราช')",2.2400441572748446e-07
432,433,"('เมืองกระบี่', 'กระบี่')",4.729525922118596e-08
433,434,"('เขาพนม', 'กระบี่')",1.9103515895868246e-07
434,435,"('เกาะลันตา', 'กระบี่')",2.6465221487906314e-08
435,436,"('คลองท่อม', 'กระบี่')",1.2955912421992644e-07
436,437,"('อ่าวลึก', 'กระบี่')",8.233981237542595e-08
437,438,"('ปลายพระยา', 'กระบี่')",1.299225077569119e-07
438,439,"('ลำทับ', 'กระบี่')",2.5622951587422975e-07
439,440,"('เหนือคลอง', 'กระบี่')",5.632831761779683e-08
440,441,"('เมืองพังงา', 'พังงา')",4.714738534074491e-08
441,442,"('กะปง', 'พังงา')",3.7247560700715135e-08
442,443,"('ตะกั่วทุ่ง', 'พังงา')",1.1853080595730439e-08
443,444,"('ตะกั่วป่า', 'พังงา')",3.125057861395459e-08
444,445,"('คุระบุรี', 'พังงา')",3.889747792986698e-08
445,446,"('ทับปุด', 'พังงา')",5.4896276054538016e-08
446,447,"('ท้ายเหมือง', 'พังงา')",1.863797485736023e-08
447,448,"('เมืองภูเก็ต', 'ภูเก็ต')",3.1553836433767523e-10
448,449,"('กะทู้', 'ภูเก็ต')",3.1553836433767523e-10
449,450,"('ถลาง', 'ภูเก็ต')",1.828638519503436e-09
450,451,"('เมืองสุราษฎร์ธานี', 'สุราษฎร์ธานี')",6.897272412850608e-08
451,452,"('กาญจนดิษฐ์', 'สุราษฎร์ธานี')",7.087168617748542e-08
452,453,"('ดอนสัก', 'สุราษฎร์ธานี')",2.1128748456705163e-08
453,454,"('เกาะสมุย', 'สุราษฎร์ธานี')",6.1047261915444435e-09
454,455,"('เกาะพะงัน', 'สุราษฎร์ธานี')",2.5066237496810807e-26
455,456,"('ไชยา', 'สุราษฎร์ธานี')",8.555875580955565e-09
456,457,"('ท่าชนะ', 'สุราษฎร์ธานี')",1.1575298780149107e-08
457,458,"('คีรีรัฐนิคม', 'สุราษฎร์ธานี')",6.797886938976535e-08
458,459,"('บ้านตาขุน', 'สุราษฎร์ธานี')",5.0125890212394716e-08
459,460,"('พนม', 'สุราษฎร์ธานี')",1.1938158487679758e-07
460,461,"('ท่าฉาง', 'สุราษฎร์ธานี')",4.651604106103596e-08
461,462,"('บ้านนาสาร', 'สุราษฎร์ธานี')",1.9012623147210804e-07
462,463,"('พระแสง', 'สุราษฎร์ธานี')",2.0428886601862562e-07
463,464,"('พุนพิน', 'สุราษฎร์ธานี')",9.446982335444508e-08
464,465,"('เมืองชุมพร', 'ชุมพร')",5.258386872063502e-10
465,466,"('ท่าแซะ', 'ชุมพร')",3.4623112544940966e-10
466,467,"('ปะทิว', 'ชุมพร')",1.611148403004839e-10
467,468,"('หลังสวน', 'ชุมพร')",2.303239811395589e-09
468,469,"('ละแม', 'ชุมพร')",2.997546683768738e-09
469,470,"('พะโต๊ะ', 'ชุมพร')",5.930449079819592e-09
470,471,"('สวี', 'ชุมพร')",1.3798831785799301e-09
471,472,"('ทุ่งตะโก', 'ชุมพร')",1.9060055475829302e-09
472,473,"('ทุ่งหว้า', 'สตูล')",1.6980604247816476e-07
473,474,"('มะนัง', 'สตูล')",1.2427850528844987e-07
474,475,"('เมืองตรัง', 'ตรัง')",3.139073960218511e-07
475,476,"('กันตัง', 'ตรัง')",1.675196449834654e-07
476,477,"('บ้านนาเดิม', 'สุราษฎร์ธานี')",7.449712261255364e-08
477,478,"('เคียนซา', 'สุราษฎร์ธานี')",1.6156459186696287e-07
478,479,"('เวียงสระ', 'สุราษฎร์ธานี')",2.385092492494085e-07
479,480,"('ชัยบุรี', 'สุราษฎร์ธานี')",8.73968185490792e-08
480,481,"('วิภาวดี', 'สุราษฎร์ธานี')",4.198876613932063e-08
481,482,"('เมืองระนอง', 'ระนอง')",3.6431574741306916e-09
482,483,"('ละอุ่น', 'ระนอง')",2.57502460021826e-09
483,484,"('กะเปอร์', 'ระนอง')",1.4179110967862769e-08
484,485,"('กระบุรี', 'ระนอง')",1.3381379784444238e-09
485,486,"('สุขสำราญ', 'ระนอง')",2.8163463768776014e-08
486,487,"('เมืองสงขลา', 'สงขลา')",1.546714627215128e-07
487,488,"('ย่านตาขาว', 'ตรัง')",2.1925656110176845e-07
488,489,"('ปะเหลียน', 'ตรัง')",1.869131996813224e-07
489,490,"('สิเกา', 'ตรัง')",1.2307170695424148e-07
490,491,"('ห้วยยอด', 'ตรัง')",5.133502932121215e-07
491,492,"('วังวิเศษ', 'ตรัง')",2.586749729081513e-07
492,493,"('ควนขนุน', 'พัทลุง')",3.57351819085865e-07
493,494,"('สทิงพระ', 'สงขลา')",1.2648830185520845e-07
494,495,"('จะนะ', 'สงขลา')",1.3229273130120887e-07
495,496,"('นาทวี', 'สงขลา')",1.1243696184622446e-07
496,497,"('เทพา', 'สงขลา')",7.465759116070636e-08
497,498,"('สะบ้าย้อย', 'สงขลา')",7.98339426364045e-08
498,499,"('กระแสสินธุ์', 'สงขลา')",2.3246383440205593e-07
499,500,"('รัตภูมิ', 'สงขลา')",2.4075970330060985e-07
500,501,"('สะเดา', 'สงขลา')",1.8694772672755014e-07
501,502,"('หาดใหญ่', 'สงขลา')",3.0159874419250666e-07
502,503,"('ตะโหมด', 'พัทลุง')",1.7803548319486046e-07
503,504,"('ยี่งอ', 'นราธิวาส')",2.7177144853715407e-08
504,505,"('ระโนด', 'สงขลา')",2.4118069834451057e-07
505,506,"('สิงหนคร', 'สงขลา')",1.7318595535702385e-07
506,507,"('นาหม่อม', 'สงขลา')",8.489153818806137e-08
507,508,"('ควนเนียง', 'สงขลา')",2.2439325525743572e-07
508,509,"('บางกล่ำ', 'สงขลา')",1.575154457732117e-07
509,510,"('คลองหอยโข่ง', 'สงขลา')",1.706736390772751e-07
510,511,"('เมืองสตูล', 'สตูล')",1.2365602689434915e-07
511,512,"('ควนโดน', 'สตูล')",1.6858915276472344e-07
512,513,"('ควนกาหลง', 'สตูล')",2.870215939370934e-07
513,514,"('ท่าแพ', 'สตูล')",1.000842343853379e-07
514,515,"('นาโยง', 'ตรัง')",2.458179412677504e-07
515,516,"('รัษฎา', 'ตรัง')",3.5712788872925205e-07
516,517,"('หาดสำราญ', 'ตรัง')",8.134046514099687e-08
517,518,"('เมืองพัทลุง', 'พัทลุง')",2.767742018915748e-07
518,519,"('กงหรา', 'พัทลุง')",2.0393678505745416e-07
519,520,"('เขาชัยสน', 'พัทลุง')",2.2683578271126498e-07
520,521,"('ปากพะยูน', 'พัทลุง')",2.409484920812853e-07
521,522,"('ศรีบรรพต', 'พัทลุง')",3.433565627179266e-07
522,523,"('ป่าบอน', 'พัทลุง')",2.930411383439076e-07
523,524,"('บางแก้ว', 'พัทลุง')",1.6718670835925807e-07
524,525,"('ป่าพยอม', 'พัทลุง')",3.7276277726567445e-07
525,526,"('ศรีนครินทร์', 'พัทลุง')",3.4971646784534103e-07
526,527,"('เมืองปัตตานี', 'ปัตตานี')",4.039936364765735e-08
527,528,"('โคกโพธิ์', 'ปัตตานี')",9.861408730192268e-08
528,529,"('หนองจิก', 'ปัตตานี')",8.41279529751845e-08
529,530,"('ระแงะ', 'นราธิวาส')",2.8452323366622028e-08
530,531,"('รือเสาะ', 'นราธิวาส')",5.365830191067488e-08
531,532,"('ศรีสาคร', 'นราธิวาส')",2.7691967555375946e-08
532,533,"('แว้ง', 'นราธิวาส')",4.347494739201047e-09
533,534,"('สุคิริน', 'นราธิวาส')",9.355501822839955e-09
534,535,"('สุไหงโก-ลก', 'นราธิวาส')",4.321957280687709e-09
535,536,"('สุไหงปาดี', 'นราธิวาส')",1.4736273445321166e-08
536,537,"('ปะนาเระ', 'ปัตตานี')",5.8475819772762424e-08
537,538,"('จะแนะ', 'นราธิวาส')",1.3853259697662063e-08
538,539,"('มายอ', 'ปัตตานี')",1.2427675077002885e-07
539,540,"('ทุ่งยางแดง', 'ปัตตานี')",1.1730353013125934e-07
540,541,"('สายบุรี', 'ปัตตานี')",9.366062030048081e-08
541,542,"('ไม้แก่น', 'ปัตตานี')",2.8855630521085304e-08
542,543,"('ยะหริ่ง', 'ปัตตานี')",5.3347301811865e-08
543,544,"('ยะรัง', 'ปัตตานี')",1.316963181715395e-07
544,545,"('กะพ้อ', 'ปัตตานี')",8.222425587573354e-08
545,546,"('แม่ลาน', 'ปัตตานี')",6.927231119743114e-08
546,547,"('เมืองยะลา', 'ยะลา')",1.4752384416116322e-07
547,548,"('เบตง', 'ยะลา')",8.858868172463256e-09
548,549,"('บันนังสตา', 'ยะลา')",6.143373911532478e-08
549,550,"('ธารโต', 'ยะลา')",1.6898266867691937e-08
550,551,"('ยะหา', 'ยะลา')",7.235855302915198e-08
551,552,"('รามัน', 'ยะลา')",1.4206958330073322e-07
552,553,"('กาบัง', 'ยะลา')",3.1959591527259396e-08
553,554,"('กรงปีนัง', 'ยะลา')",6.362399223610952e-08
554,555,"('เมืองนราธิวาส', 'นราธิวาส')",2.8725774089809933e-08
555,556,"('ตากใบ', 'นราธิวาส')",9.163157888226829e-09
556,557,"('บาเจาะ', 'นราธิวาส')",6.881920441009695e-08
557,558,"('เจาะไอร้อง', 'นราธิวาส')",1.2342011023888777e-08
558,559,"('เมืองนครราชสีมา', 'นครราชสีมา')",6.483021690610199e-07
559,560,"('ครบุรี', 'นครราชสีมา')",1.1712566132795939e-06
560,561,"('ปักธงชัย', 'นครราชสีมา')",2.4103141264468876e-06
561,562,"('พิมาย', 'นครราชสีมา')",2.371477839276071e-07
562,563,"('ห้วยแถลง', 'นครราชสีมา')",1.9456354742654988e-07
563,564,"('ชุมพวง', 'นครราชสีมา')",2.1739962939725684e-07
564,565,"('สูงเนิน', 'นครราชสีมา')",2.2464697583215754e-06
565,566,"('นางรอง', 'บุรีรัมย์')",5.021853936327114e-07
566,567,"('บ้านกรวด', 'บุรีรัมย์')",2.0381153044255665e-07
567,568,"('พุทไธสง', 'บุรีรัมย์')",5.315590165921754e-07
568,569,"('ลำปลายมาศ', 'บุรีรัมย์')",3.4475373303649055e-07
569,570,"('สตึก', 'บุรีรัมย์')",6.516039039880709e-07
570,571,"('เมืองชัยภูมิ', 'ชัยภูมิ')",3.340944403291033e-07
571,572,"('บ้านเขว้า', 'ชัยภูมิ')",2.3388505284023033e-07
572,573,"('คอนสวรรค์', 'ชัยภูมิ')",1.6471777065719224e-07
573,574,"('เกษตรสมบูรณ์', 'ชัยภูมิ')",2.0752343725810158e-07
574,575,"('หนองบัวแดง', 'ชัยภูมิ')",3.812850911223003e-07
575,576,"('จัตุรัส', 'ชัยภูมิ')",5.04524811519043e-07
576,577,"('บำเหน็จณรงค์', 'ชัยภูมิ')",4.73521403057859e-07
577,578,"('หนองบัวระเหว', 'ชัยภูมิ')",3.559818898143324e-07
578,579,"('เทพสถิต', 'ชัยภูมิ')",8.404311974238729e-07
579,580,"('ภูเขียว', 'ชัยภูมิ')",2.4612494158714716e-07
580,581,"('บ้านแท่น', 'ชัยภูมิ')",2.3826857249275394e-07
581,582,"('ภักดีชุมพล', 'ชัยภูมิ')",6.909825672304031e-07
582,583,"('พรเจริญ', 'บึงกาฬ')",8.915380502183681e-08
583,584,"('โซ่พิสัย', 'บึงกาฬ')",8.08473691686967e-08
584,585,"('เซกา', 'บึงกาฬ')",1.217641786888551e-07
585,586,"('ปากคาด', 'บึงกาฬ')",2.8454180711024108e-08
586,587,"('บึงโขงหลง', 'บึงกาฬ')",3.6530003979325254e-08
587,588,"('ศรีวิไล', 'บึงกาฬ')",4.293001235826731e-08
588,589,"('บุ่งคล้า', 'บึงกาฬ')",3.643792362851374e-08
589,590,"('เมืองหนองบัวลำภู', 'หนองบัวลำภู')",3.3912654195226005e-07
590,591,"('นากลาง', 'หนองบัวลำภู')",5.190320440186796e-07
591,592,"('โนนสัง', 'หนองบัวลำภู')",4.236015902483881e-07
592,593,"('ศรีบุญเรือง', 'หนองบัวลำภู')",5.822997717499131e-07
593,594,"('สุวรรณคูหา', 'หนองบัวลำภู')",3.5553495524099134e-07
594,595,"('นาวัง', 'หนองบัวลำภู')",2.982250409083998e-07
595,596,"('เมืองขอนแก่น', 'ขอนแก่น')",6.336829563070131e-07
596,597,"('บ้านฝาง', 'ขอนแก่น')",3.545376806690058e-07
597,598,"('พระยืน', 'ขอนแก่น')",3.131355334052189e-07
598,599,"('หนองเรือ', 'ขอนแก่น')",3.633036845716028e-07
599,600,"('ชุมแพ', 'ขอนแก่น')",4.479078694860915e-07
600,601,"('สีชมพู', 'ขอนแก่น')",2.6548855399806614e-07
601,602,"('น้ำพอง', 'ขอนแก่น')",4.848094544128292e-07
602,603,"('อุบลรัตน์', 'ขอนแก่น')",4.334591322478897e-07
603,604,"('กระนวน', 'ขอนแก่น')",8.816304981614858e-07
604,605,"('บ้านไผ่', 'ขอนแก่น')",5.887595806915167e-07
605,606,"('เปือยน้อย', 'ขอนแก่น')",5.373855198178316e-07
606,607,"('พล', 'ขอนแก่น')",2.9133178549007015e-07
607,608,"('แวงใหญ่', 'ขอนแก่น')",1.536556344132887e-07
608,609,"('แวงน้อย', 'ขอนแก่น')",1.508331509841449e-07
609,610,"('หนองสองห้อง', 'ขอนแก่น')",5.275241209113974e-07
610,611,"('ภูเวียง', 'ขอนแก่น')",4.360269590044419e-07
611,612,"('มัญจาคีรี', 'ขอนแก่น')",4.284810880108062e-07
612,613,"('ชนบท', 'ขอนแก่น')",3.362327833544929e-07
613,614,"('เขาสวนกวาง', 'ขอนแก่น')",4.872811810056478e-07
614,615,"('ภูผาม่าน', 'ขอนแก่น')",1.8222881512351993e-07
615,616,"('ซำสูง', 'ขอนแก่น')",6.041347706010137e-07
616,617,"('โคกโพธิ์ไชย', 'ขอนแก่น')",1.8138639757872414e-07
617,618,"('หนองนาคำ', 'ขอนแก่น')",2.7554445604837305e-07
618,619,"('บ้านแฮด', 'ขอนแก่น')",5.383231232750206e-07
619,620,"('โนนศิลา', 'ขอนแก่น')",3.0709653888864427e-07
620,621,"('เมืองอุดรธานี', 'อุดรธานี')",6.314714160997744e-07
621,622,"('กุดจับ', 'อุดรธานี')",4.041312203333097e-07
622,623,"('หนองวัวซอ', 'อุดรธานี')",5.183453766409916e-07
623,624,"('กุมภวาปี', 'อุดรธานี')",7.501262032118365e-07
624,625,"('โนนสะอาด', 'อุดรธานี')",5.597214011172935e-07
625,626,"('หนองหาน', 'อุดรธานี')",5.423627612550978e-07
626,627,"('ทุ่งฝน', 'อุดรธานี')",2.8817603626981583e-07
627,628,"('ไชยวาน', 'อุดรธานี')",4.007158060131215e-07
628,629,"('ศรีธาตุ', 'อุดรธานี')",6.029891148627011e-07
629,630,"('วังสามหมอ', 'อุดรธานี')",7.720143199548186e-07
630,631,"('บ้านดุง', 'อุดรธานี')",3.2942288311312927e-07
631,632,"('บ้านผือ', 'อุดรธานี')",5.538219203386567e-07
632,633,"('น้ำโสม', 'อุดรธานี')",2.2626505339917333e-07
633,634,"('เพ็ญ', 'อุดรธานี')",4.940192439208929e-07
634,635,"('สร้างคอม', 'อุดรธานี')",1.4557403463052727e-07
635,636,"('หนองแสง', 'อุดรธานี')",4.028186644021818e-07
636,637,"('นายูง', 'อุดรธานี')",1.619527368210056e-07
637,638,"('พิบูลย์รักษ์', 'อุดรธานี')",3.156720104486363e-07
638,639,"('เสิงสาง', 'นครราชสีมา')",4.983259608894879e-07
639,640,"('คง', 'นครราชสีมา')",2.621865835400871e-07
640,641,"('นาแห้ว', 'เลย')",7.252664150194304e-08
641,642,"('บ้านเหลื่อม', 'นครราชสีมา')",1.5832156914484216e-07
642,643,"('จักราช', 'นครราชสีมา')",3.397076652153854e-07
643,644,"('ภูเรือ', 'เลย')",1.0612942307823258e-07
644,645,"('ท่าลี่', 'เลย')",7.995237106013542e-08
645,646,"('วังสะพุง', 'เลย')",2.817772293554371e-07
646,647,"('ภูกระดึง', 'เลย')",3.231320419272274e-07
647,648,"('ภูหลวง', 'เลย')",1.9817106107356864e-07
648,649,"('ผาขาว', 'เลย')",2.3853596989022555e-07
649,650,"('เอราวัณ', 'เลย')",3.4331282233733753e-07
650,651,"('โชคชัย', 'นครราชสีมา')",5.290417475286329e-07
651,652,"('ด่านขุนทด', 'นครราชสีมา')",2.194993183739414e-06
652,653,"('หนองหิน', 'เลย')",1.7724195332025364e-07
653,654,"('เมืองหนองคาย', 'หนองคาย')",2.442477257661929e-07
654,655,"('ท่าบ่อ', 'หนองคาย')",1.9282754841303909e-07
655,656,"('โพนพิสัย', 'หนองคาย')",2.246905533147959e-07
656,657,"('ศรีเชียงใหม่', 'หนองคาย')",1.481400168284416e-07
657,658,"('สังคม', 'หนองคาย')",1.7046278811037618e-07
658,659,"('สระใคร', 'หนองคาย')",2.932458068706377e-07
659,660,"('เฝ้าไร่', 'หนองคาย')",1.269537355134711e-07
660,661,"('รัตนวาปี', 'หนองคาย')",6.450791956786616e-08
661,662,"('โพธิ์ตาก', 'หนองคาย')",1.481400168284416e-07
662,663,"('โนนไทย', 'นครราชสีมา')",4.4802843215154907e-07
663,664,"('โนนสูง', 'นครราชสีมา')",2.8608621638284696e-07
664,665,"('ขามสะแกแสง', 'นครราชสีมา')",1.7147918042416666e-07
665,666,"('หนองหงส์', 'บุรีรัมย์')",2.9794309078116085e-07
666,667,"('บัวใหญ่', 'นครราชสีมา')",1.9916486299925191e-07
667,668,"('ประทาย', 'นครราชสีมา')",3.143082735971151e-07
668,669,"('ขามทะเลสอ', 'นครราชสีมา')",5.351586573815611e-07
669,670,"('สีคิ้ว', 'นครราชสีมา')",3.2957473764766673e-06
670,671,"('ปากช่อง', 'นครราชสีมา')",1.8243240859105502e-05
671,672,"('สำโรงทาบ', 'สุรินทร์')",5.395892234289783e-07
672,673,"('บัวเชด', 'สุรินทร์')",1.562523529818321e-07
673,674,"('พนมดงรัก', 'สุรินทร์')",1.9106777104192172e-07
674,675,"('ศรีณรงค์', 'สุรินทร์')",4.458333987493713e-07
675,676,"('เขวาสินรินทร์', 'สุรินทร์')",2.6260393628087254e-07
676,677,"('โนนนารายณ์', 'สุรินทร์')",5.650400047945859e-07
677,678,"('หนองบุญมาก', 'นครราชสีมา')",4.152205202633394e-07
678,679,"('แก้งสนามนาง', 'นครราชสีมา')",1.376835059470069e-07
679,680,"('เมืองศรีสะเกษ', 'ศรีสะเกษ')",4.161821226931195e-07
680,681,"('เมืองมหาสารคาม', 'มหาสารคาม')",1.8688514351723743e-06
681,682,"('โนนแดง', 'นครราชสีมา')",1.5802837736899768e-07
682,683,"('วังน้ำเขียว', 'นครราชสีมา')",3.3102593861745194e-06
683,684,"('น้ำเกลี้ยง', 'ศรีสะเกษ')",3.868752290532087e-07
684,685,"('วังหิน', 'ศรีสะเกษ')",4.3645648318450117e-07
685,686,"('ภูสิงห์', 'ศรีสะเกษ')",1.8248650904139297e-07
686,687,"('เมืองจันทร์', 'ศรีสะเกษ')",5.192621631299308e-07
687,688,"('เบญจลักษ์', 'ศรีสะเกษ')",3.161464790380928e-07
688,689,"('พยุห์', 'ศรีสะเกษ')",3.759727429421635e-07
689,690,"('โพธิ์ศรีสุวรรณ', 'ศรีสะเกษ')",5.240721862311094e-07
690,691,"('ศิลาลาด', 'ศรีสะเกษ')",3.835912994223284e-07
691,692,"('เมืองอุบลราชธานี', 'อุบลราชธานี')",2.646234143045376e-07
692,693,"('ศรีเมืองใหม่', 'อุบลราชธานี')",9.835531368294446e-08
693,694,"('เทพารักษ์', 'นครราชสีมา')",6.129308588131815e-07
694,695,"('เมืองยาง', 'นครราชสีมา')",2.9539396818424464e-07
695,696,"('โขงเจียม', 'อุบลราชธานี')",5.969248911869908e-08
696,697,"('เขื่องใน', 'อุบลราชธานี')",3.5931202087227895e-07
697,698,"('เขมราฐ', 'อุบลราชธานี')",1.2204097018218792e-07
698,699,"('เดชอุดม', 'อุบลราชธานี')",3.680176494186273e-07
699,700,"('นาจะหลวย', 'อุบลราชธานี')",8.931757460439096e-08
700,701,"('น้ำยืน', 'อุบลราชธานี')",1.67976607154444e-07
701,702,"('บุณฑริก', 'อุบลราชธานี')",9.714678856410871e-08
702,703,"('ตระการพืชผล', 'อุบลราชธานี')",2.0856785872489602e-07
703,704,"('กุดข้าวปุ้น', 'อุบลราชธานี')",1.193978717081816e-07
704,705,"('ม่วงสามสิบ', 'อุบลราชธานี')",2.1527233552301052e-07
705,706,"('วารินชำราบ', 'อุบลราชธานี')",2.789253300801042e-07
706,707,"('พระทองคำ', 'นครราชสีมา')",4.158711719598182e-07
707,708,"('ลำทะเมนชัย', 'นครราชสีมา')",2.023325916107777e-07
708,709,"('พิบูลมังสาหาร', 'อุบลราชธานี')",1.82128808481997e-07
709,710,"('ตาลสุม', 'อุบลราชธานี')",1.521936566986339e-07
710,711,"('โพธิ์ไทร', 'อุบลราชธานี')",9.236462871926273e-08
711,712,"('สำโรง', 'อุบลราชธานี')",2.7752267846857284e-07
712,713,"('ดอนมดแดง', 'อุบลราชธานี')",1.5787381905258535e-07
713,714,"('สิรินธร', 'อุบลราชธานี')",4.8057311926069824e-08
714,715,"('ทุ่งศรีอุดม', 'อุบลราชธานี')",2.705889891722729e-07
715,716,"('นาเยีย', 'อุบลราชธานี')",1.4035433534496135e-07
716,717,"('จตุรพักตรพิมาน', 'ร้อยเอ็ด')",9.236361088386068e-07
717,718,"('ธวัชบุรี', 'ร้อยเอ็ด')",1.584226927999858e-06
718,719,"('บัวลาย', 'นครราชสีมา')",1.514204947899372e-07
719,720,"('พนมไพร', 'ร้อยเอ็ด')",5.059664050305247e-07
720,721,"('โพนทอง', 'ร้อยเอ็ด')",1.4008349921567342e-06
721,722,"('โพธิ์ชัย', 'ร้อยเอ็ด')",2.3344195894201756e-06
722,723,"('หนองพอก', 'ร้อยเอ็ด')",8.520520876520681e-07
723,724,"('เสลภูมิ', 'ร้อยเอ็ด')",1.3976671568265932e-06
724,725,"('สุวรรณภูมิ', 'ร้อยเอ็ด')",5.495930082607732e-07
725,726,"('สีดา', 'นครราชสีมา')",1.4803091298333422e-07
726,727,"('กุฉินารายณ์', 'กาฬสินธุ์')",1.3170832568719117e-06
727,728,"('เขาวง', 'กาฬสินธุ์')",3.3572722400796946e-07
728,729,"('ยางตลาด', 'กาฬสินธุ์')",1.5228194941575295e-06
729,730,"('ห้วยเม็ก', 'กาฬสินธุ์')",8.750316410892542e-07
730,731,"('สหัสขันธ์', 'กาฬสินธุ์')",8.251190730513221e-07
731,732,"('คำม่วง', 'กาฬสินธุ์')",5.975794704733362e-07
732,733,"('ท่าคันโท', 'กาฬสินธุ์')",7.500686382799313e-07
733,734,"('หนองกุงศรี', 'กาฬสินธุ์')",1.1754025740164924e-06
734,735,"('เฉลิมพระเกียรติ', 'นครราชสีมา')",2.601797831392015e-07
735,736,"('สมเด็จ', 'กาฬสินธุ์')",8.197857697286436e-07
736,737,"('เมืองบุรีรัมย์', 'บุรีรัมย์')",6.203220077886618e-07
737,738,"('คูเมือง', 'บุรีรัมย์')",6.200054236825212e-07
738,739,"('กระสัง', 'บุรีรัมย์')",5.601277079788672e-07
739,740,"('หนองกี่', 'บุรีรัมย์')",4.738279963264995e-07
740,741,"('ห้วยผึ้ง', 'กาฬสินธุ์')",5.690240949319893e-07
741,742,"('สามชัย', 'กาฬสินธุ์')",5.486635802845641e-07
742,743,"('นาคู', 'กาฬสินธุ์')",4.4735363133186765e-07
743,744,"('ดอนจาน', 'กาฬสินธุ์')",1.3648944163777167e-06
744,745,"('ฆ้องชัย', 'กาฬสินธุ์')",1.6378565527640468e-06
745,746,"('เมืองสกลนคร', 'สกลนคร')",3.300928153894954e-07
746,747,"('กุสุมาลย์', 'สกลนคร')",1.9327919756200739e-07
747,748,"('กุดบาก', 'สกลนคร')",5.735498637328115e-07
748,749,"('ละหานทราย', 'บุรีรัมย์')",2.8030877416289026e-07
749,750,"('ประโคนชัย', 'บุรีรัมย์')",4.535238947602648e-07
750,751,"('ปะคำ', 'บุรีรัมย์')",2.65340133539411e-07
751,752,"('นาโพธิ์', 'บุรีรัมย์')",3.8929001668972804e-07
752,753,"('พรรณานิคม', 'สกลนคร')",3.881030359755994e-07
753,754,"('พังโคน', 'สกลนคร')",2.8454458400471796e-07
754,755,"('วาริชภูมิ', 'สกลนคร')",4.2135544841399255e-07
755,756,"('นิคมน้ำอูน', 'สกลนคร')",4.1031401017438155e-07
756,757,"('วานรนิวาส', 'สกลนคร')",2.4609921047342075e-07
757,758,"('คำตากล้า', 'สกลนคร')",1.2195931390575847e-07
758,759,"('บ้านม่วง', 'สกลนคร')",2.101305700969477e-07
759,760,"('อากาศอำนวย', 'สกลนคร')",2.0662940979077883e-07
760,761,"('สว่างแดนดิน', 'สกลนคร')",4.050141867424014e-07
761,762,"('ส่องดาว', 'สกลนคร')",2.713141118902732e-07
762,763,"('เต่างอย', 'สกลนคร')",2.68599278903114e-07
763,764,"('โคกศรีสุพรรณ', 'สกลนคร')",1.5874529616366635e-07
764,765,"('เจริญศิลป์', 'สกลนคร')",1.650340322580993e-07
765,766,"('พลับพลาชัย', 'บุรีรัมย์')",3.7941073397456084e-07
766,767,"('โพนนาแก้ว', 'สกลนคร')",1.441557009495332e-07
767,768,"('ภูพาน', 'สกลนคร')",5.289075870590578e-07
768,769,"('เมืองนครพนม', 'นครพนม')",1.2268326850198813e-07
769,770,"('ปลาปาก', 'นครพนม')",1.572621259636522e-07
770,771,"('ท่าอุเทน', 'นครพนม')",4.57459454043577e-08
771,772,"('บ้านแพง', 'นครพนม')",3.3115599639397105e-08
772,773,"('ธาตุพนม', 'นครพนม')",1.7641325538547e-07
773,774,"('เรณูนคร', 'นครพนม')",8.663464355884584e-08
774,775,"('นาแก', 'นครพนม')",1.7560801927881949e-07
775,776,"('ศรีสงคราม', 'นครพนม')",8.588906387425525e-08
776,777,"('นาหว้า', 'นครพนม')",1.7752802566920403e-07
777,778,"('ห้วยราช', 'บุรีรัมย์')",3.1029989656473175e-07
778,779,"('โนนสุวรรณ', 'บุรีรัมย์')",2.8009899275177564e-07
779,780,"('โพนสวรรค์', 'นครพนม')",8.661982890576031e-08
780,781,"('นาทม', 'นครพนม')",6.771470213384576e-08
781,782,"('วังยาง', 'นครพนม')",8.732581002318281e-08
782,783,"('เมืองมุกดาหาร', 'มุกดาหาร')",3.3431505448971575e-07
783,784,"('นิคมคำสร้อย', 'มุกดาหาร')",2.627863547317578e-07
784,785,"('ดอนตาล', 'มุกดาหาร')",1.7424002986642172e-07
785,786,"('ดงหลวง', 'มุกดาหาร')",3.5849123745345513e-07
786,787,"('ชำนิ', 'บุรีรัมย์')",3.651172054831808e-07
787,788,"('บ้านใหม่ไชยพจน์', 'บุรีรัมย์')",2.790796521716536e-07
788,789,"('คำชะอี', 'มุกดาหาร')",4.1857676869751735e-07
789,790,"('โนนดินแดง', 'บุรีรัมย์')",2.3268440981192586e-07
790,791,"('บ้านด่าน', 'บุรีรัมย์')",4.307343514642743e-07
791,792,"('แคนดง', 'บุรีรัมย์')",3.8265933086400385e-07
792,793,"('สว่างวีระวงศ์', 'อุบลราชธานี')",1.659333815521221e-07
793,794,"('น้ำขุ่น', 'อุบลราชธานี')",1.5692355408407994e-07
794,795,"('เฉลิมพระเกียรติ', 'บุรีรัมย์')",2.051362122499751e-07
795,796,"('เมืองสุรินทร์', 'สุรินทร์')",5.693642575672634e-07
796,797,"('ชุมพลบุรี', 'สุรินทร์')",5.732931255691711e-07
797,798,"('ท่าตูม', 'สุรินทร์')",7.592733209845684e-07
798,799,"('จอมพระ', 'สุรินทร์')",5.639350798033909e-07
799,800,"('ปราสาท', 'สุรินทร์')",5.573464038701978e-07
800,801,"('กาบเชิง', 'สุรินทร์')",1.7315195539455293e-07
801,802,"('รัตนบุรี', 'สุรินทร์')",7.162862251676665e-07
802,803,"('สนม', 'สุรินทร์')",5.366931536343644e-07
803,804,"('ศีขรภูมิ', 'สุรินทร์')",7.838543674366283e-07
804,805,"('สังขะ', 'สุรินทร์')",5.101932812273619e-07
805,806,"('ลำดวน', 'สุรินทร์')",3.934869928034371e-07
806,807,"('ยางชุมน้อย', 'ศรีสะเกษ')",2.73707403716829e-07
807,808,"('กันทรารมย์', 'ศรีสะเกษ')",4.131911705021822e-07
808,809,"('กันทรลักษ์', 'ศรีสะเกษ')",3.078126508672068e-07
809,810,"('ขุขันธ์', 'ศรีสะเกษ')",4.416441615411763e-07
810,811,"('ไพรบึง', 'ศรีสะเกษ')",3.0097719845115996e-07
811,812,"('ปรางค์กู่', 'ศรีสะเกษ')",5.782193753788633e-07
812,813,"('ขุนหาญ', 'ศรีสะเกษ')",2.1480569486393938e-07
813,814,"('ราษีไศล', 'ศรีสะเกษ')",5.795825308032999e-07
814,815,"('อุทุมพรพิสัย', 'ศรีสะเกษ')",5.433991728252614e-07
815,816,"('บึงบูรพ์', 'ศรีสะเกษ')",3.9468592718207814e-07
816,817,"('ห้วยทับทัน', 'ศรีสะเกษ')",5.084856354253543e-07
817,818,"('โนนคูณ', 'ศรีสะเกษ')",3.288692836474279e-07
818,819,"('ศรีรัตนะ', 'ศรีสะเกษ')",3.1187968456220523e-07
819,820,"('นาตาล', 'อุบลราชธานี')",4.694689247731115e-08
820,821,"('เหล่าเสือโก้ก', 'อุบลราชธานี')",1.4498385873297785e-07
821,822,"('เมืองยโสธร', 'ยโสธร')",5.128459231063344e-07
822,823,"('ทรายมูล', 'ยโสธร')",4.097275809681258e-07
823,824,"('กุดชุม', 'ยโสธร')",7.650717174520925e-07
824,825,"('คำเขื่อนแก้ว', 'ยโสธร')",3.6456262574715937e-07
825,826,"('ป่าติ้ว', 'ยโสธร')",4.260340208747548e-07
826,827,"('มหาชนะชัย', 'ยโสธร')",3.275329158863357e-07
827,828,"('ค้อวัง', 'ยโสธร')",2.1178234760486255e-07
828,829,"('เลิงนกทา', 'ยโสธร')",4.946671722116348e-07
829,830,"('ไทยเจริญ', 'ยโสธร')",3.028270404888138e-07
830,831,"('แก้งคร้อ', 'ชัยภูมิ')",2.463343962733783e-07
831,832,"('คอนสาร', 'ชัยภูมิ')",3.140430077124603e-07
832,833,"('เนินสง่า', 'ชัยภูมิ')",2.421246659918996e-07
833,834,"('ซับใหญ่', 'ชัยภูมิ')",2.578994595790307e-07
834,835,"('เมืองอำนาจเจริญ', 'อำนาจเจริญ')",3.172018388732032e-07
835,836,"('ชานุมาน', 'อำนาจเจริญ')",2.123359216305085e-07
836,837,"('ปทุมราชวงศา', 'อำนาจเจริญ')",1.9691062030571937e-07
837,838,"('พนา', 'อำนาจเจริญ')",1.8575439753651802e-07
838,839,"('เสนางคนิคม', 'อำนาจเจริญ')",2.6291881024116934e-07
839,840,"('หัวตะพาน', 'อำนาจเจริญ')",2.481759618944924e-07
840,841,"('ลืออำนาจ', 'อำนาจเจริญ')",1.333442661410766e-07
841,842,"('บึงกาฬ', 'บึงกาฬ')",5.643961291020957e-08
842,843,"('เวียงเก่า', 'ขอนแก่น')",2.7880948415087597e-07
843,844,"('กู่แก้ว', 'อุดรธานี')",3.5512776183330006e-07
844,845,"('ประจักษ์ศิลปาคม', 'อุดรธานี')",3.1189076753726225e-07
845,846,"('เมืองเลย', 'เลย')",2.0052209251761542e-07
846,847,"('นาด้วง', 'เลย')",3.401348327306114e-07
847,848,"('เชียงคาน', 'เลย')",6.903191927115545e-08
848,849,"('ปากชม', 'เลย')",2.126649056006919e-07
849,850,"('ด่านซ้าย', 'เลย')",1.9388610472056256e-07
850,851,"('แกดำ', 'มหาสารคาม')",8.249337307488502e-07
851,852,"('โกสุมพิสัย', 'มหาสารคาม')",1.1383778255801353e-06
852,853,"('กันทรวิชัย', 'มหาสารคาม')",1.0513181962798583e-06
853,854,"('เชียงยืน', 'มหาสารคาม')",8.746529694436162e-07
854,855,"('บรบือ', 'มหาสารคาม')",9.485693942016052e-07
855,856,"('นาเชือก', 'มหาสารคาม')",6.79011422464646e-07
856,857,"('พยัคฆภูมิพิสัย', 'มหาสารคาม')",5.131355923031382e-07
857,858,"('วาปีปทุม', 'มหาสารคาม')",1.3277057944765527e-06
858,859,"('นาดูน', 'มหาสารคาม')",4.497936263524738e-07
859,860,"('ยางสีสุราช', 'มหาสารคาม')",3.4341854428690287e-07
860,861,"('กุดรัง', 'มหาสารคาม')",5.884352511480257e-07
861,862,"('ชื่นชม', 'มหาสารคาม')",7.864773679574471e-07
862,863,"('เมืองร้อยเอ็ด', 'ร้อยเอ็ด')",1.9179520257906413e-06
863,864,"('เกษตรวิสัย', 'ร้อยเอ็ด')",7.736449924469594e-07
864,865,"('ปทุมรัตต์', 'ร้อยเอ็ด')",5.277437060681744e-07
865,866,"('เมืองสรวง', 'ร้อยเอ็ด')",6.366050349775163e-07
866,867,"('โพนทราย', 'ร้อยเอ็ด')",4.406666110611319e-07
867,868,"('อาจสามารถ', 'ร้อยเอ็ด')",6.639033180542324e-07
868,869,"('เมยวดี', 'ร้อยเอ็ด')",5.425026363111275e-07
869,870,"('ศรีสมเด็จ', 'ร้อยเอ็ด')",1.1755851718203854e-06
870,871,"('จังหาร', 'ร้อยเอ็ด')",2.102763568061701e-06
871,872,"('เชียงขวัญ', 'ร้อยเอ็ด')",1.8847829220383026e-06
872,873,"('หนองฮี', 'ร้อยเอ็ด')",2.536399797146028e-07
873,874,"('ทุ่งเขาหลวง', 'ร้อยเอ็ด')",3.9090578940046534e-07
874,875,"('เมืองกาฬสินธุ์', 'กาฬสินธุ์')",1.908311849428036e-06
875,876,"('นามน', 'กาฬสินธุ์')",1.200398007597345e-06
876,877,"('กมลาไสย', 'กาฬสินธุ์')",2.117662798607578e-06
877,878,"('ร่องคำ', 'กาฬสินธุ์')",1.5341077222951053e-06
878,879,"('ว่านใหญ่', 'มุกดาหาร')",6.858016557035799e-08
879,880,"('หนองสูง', 'มุกดาหาร')",5.572826291159412e-07
880,881,"('เมืองตาก', 'ตาก')",5.357716233267154e-07
881,882,"('บ้านตาก', 'ตาก')",3.825792168560404e-07
882,883,"('สามเงา', 'ตาก')",4.281322231597592e-07
883,884,"('แม่ระมาด', 'ตาก')",2.5368542295128175e-07
884,885,"('ท่าสองยาง', 'ตาก')",7.714579856849112e-08
885,886,"('แม่สอด', 'ตาก')",1.919734459491683e-07
886,887,"('พบพระ', 'ตาก')",3.093397301275988e-07
887,888,"('อุ้มผาง', 'ตาก')",6.021905555505191e-07
888,889,"('วังเจ้า', 'ตาก')",2.903864175890782e-07
889,890,"('เมืองราชบุรี', 'ราชบุรี')",0.00037256690899541714
890,891,"('จอมบึง', 'ราชบุรี')",7.934608885912108e-05
891,892,"('สวนผึ้ง', 'ราชบุรี')",9.244861246678082e-06
892,893,"('ดำเนินสะดวก', 'ราชบุรี')",0.0013806172977053445
893,894,"('บ้านโป่ง', 'ราชบุรี')",0.0003991838978958153
894,895,"('บางแพ', 'ราชบุรี')",0.0019580967072294676
895,896,"('โพธาราม', 'ราชบุรี')",0.0004814159669325693
896,897,"('ปากท่อ', 'ราชบุรี')",0.00012704528010670254
897,898,"('วัดเพลง', 'ราชบุรี')",0.00020668697565381775
898,899,"('บ้านคา', 'ราชบุรี')",1.662192527064682e-05
899,900,"('เมืองกาญจนบุรี', 'กาญจนบุรี')",1.9135582290004536e-05
900,901,"('ไทรโยค', 'กาญจนบุรี')",2.8456754149965657e-06
901,902,"('บ่อพลอย', 'กาญจนบุรี')",2.150872134693458e-05
902,903,"('ศรีสวัสดิ์', 'กาญจนบุรี')",3.927261873046105e-06
903,904,"('ท่ามะกา', 'กาญจนบุรี')",0.0003091596463766691
904,905,"('ท่าม่วง', 'กาญจนบุรี')",0.0001016955605335114
905,906,"('ทองผาภูมิ', 'กาญจนบุรี')",8.598527717859329e-07
906,907,"('สังขละบุรี', 'กาญจนบุรี')",1.5907722898016283e-07
907,908,"('พนมทวน', 'กาญจนบุรี')",0.00011454736199220237
908,909,"('เลาขวัญ', 'กาญจนบุรี')",1.1000503999699332e-05
909,910,"('ด่านมะขามเตี้ย', 'กาญจนบุรี')",1.5065388626890846e-05
910,911,"('หนองปรือ', 'กาญจนบุรี')",2.9185306081757997e-06
911,912,"('ห้วยกระเจา', 'กาญจนบุรี')",4.845184159105568e-05
912,913,"('เมืองเพชรบุรี', 'เพชรบุรี')",1.4441345536095777e-05
913,914,"('เขาย้อย', 'เพชรบุรี')",5.872052591164756e-05
914,915,"('หนองหญ้าปล้อง', 'เพชรบุรี')",1.5677205569955812e-05
915,916,"('ท่ายาง', 'เพชรบุรี')",2.440782704063489e-06
916,917,"('หัวหิน', 'ประจวบคีรีขันธ์')",4.5233492967279077e-07
917,918,"('ชะอำ', 'เพชรบุรี')",2.067357455168656e-07
918,919,"('บ้านลาด', 'เพชรบุรี')",1.572020831457357e-05
919,920,"('บ้านแหลม', 'เพชรบุรี')",0.00012765329172210367
920,921,"('แก่งกระจาน', 'เพชรบุรี')",3.6128635848219546e-06
921,922,"('เมืองประจวบคีรีขันธ์', 'ประจวบคีรีขันธ์')",2.0973984547096668e-10
922,923,"('กุยบุรี', 'ประจวบคีรีขันธ์')",2.6640660838418956e-09
923,924,"('ทับสะแก', 'ประจวบคีรีขันธ์')",2.0680766314994645e-11
924,925,"('บางสะพาน', 'ประจวบคีรีขันธ์')",1.7586081685951462e-11
925,926,"('บางสะพานน้อย', 'ประจวบคีรีขันธ์')",8.874162793603706e-11
926,927,"('ปราณบุรี', 'ประจวบคีรีขันธ์')",3.537663561198896e-08
927,928,"('สามร้อยยอด', 'ประจวบคีรีขันธ์')",3.556825342119721e-08
